Date,Open,High,Low,Close,Adj Close,Volume
2015-11-30,1.059200,1.059800,1.056000,1.057600,1.057600,159550
2015-12-01,1.057200,1.064000,1.056600,1.063400,1.063400,179370
2015-12-02,1.062700,1.063400,1.055300,1.061900,1.061900,218300
2015-12-03,1.060900,1.098400,1.049000,1.097400,1.097400,260714
2015-12-04,1.093300,1.095900,1.083700,1.087500,1.087500,750906
2015-12-06,null,null,null,null,null,null
2015-12-07,1.087500,1.088900,1.079700,1.084700,1.084700,439242
2015-12-08,1.083300,1.090400,1.083100,1.088900,1.088900,226990
2015-12-09,1.089500,1.104400,1.088000,1.102700,1.102700,225011
2015-12-10,1.102000,1.102200,1.092500,1.093700,1.093700,446556
2015-12-11,1.094300,1.103100,1.092700,1.099200,1.099200,373583
2015-12-13,null,null,null,null,null,null
2015-12-14,1.096900,1.102000,1.094500,1.102000,1.102000,115267
2015-12-15,1.102700,1.108800,1.093300,1.094600,1.094600,225101
2015-12-16,1.096000,1.104000,1.091500,1.100800,1.100800,220146
2015-12-17,1.092200,1.092200,1.082800,1.083000,1.083000,291916
2015-12-18,1.086000,1.090000,1.083000,1.089100,1.089100,225946
2015-12-20,null,null,null,null,null,null
2015-12-21,1.088700,1.096500,1.087400,1.095200,1.095200,192169
2015-12-22,1.093800,1.101100,1.092800,1.097900,1.097900,135047
2015-12-23,1.097900,1.098000,1.089300,1.093600,1.093600,139730
2015-12-24,1.093200,1.099100,1.092800,1.097600,1.097600,119343
2015-12-27,null,null,null,null,null,null
2015-12-28,1.098600,1.101600,1.097800,1.099900,1.099900,51303
2015-12-29,1.099600,1.101400,1.092100,1.096100,1.096100,71560
2015-12-30,1.094500,1.096400,1.092200,1.094400,1.094400,111073
2015-12-31,1.094800,1.095800,1.087100,1.088600,1.088600,97167
2016-01-03,null,null,null,null,null,null
2016-01-04,1.088400,1.096600,1.079900,1.084600,1.084600,85614
2016-01-05,1.084900,1.085700,1.072800,1.076300,1.076300,257251
2016-01-06,1.077000,1.081800,1.073200,1.080600,1.080600,187776
2016-01-07,1.079600,1.095900,1.078800,1.095200,1.095200,190337
2016-01-08,1.094100,1.095000,1.081200,1.092000,1.092000,289122
2016-01-10,null,null,null,null,null,null
2016-01-11,1.096000,1.098750,1.086500,1.088950,1.088950,291114
2016-01-12,1.087850,1.091750,1.083650,1.087150,1.087150,163839
2016-01-13,1.086650,1.090500,1.082100,1.089400,1.089400,162441
2016-01-14,1.089650,1.095950,1.085000,1.087800,1.087800,179786
2016-01-15,1.088000,1.100050,1.087000,1.092450,1.092450,228696
2016-01-17,null,null,null,null,null,null
2016-01-18,null,null,null,null,null,null
2016-01-19,1.093000,1.095400,1.087450,1.093950,1.093950,272693
2016-01-20,1.092850,1.099100,1.089150,1.090600,1.090600,225962
2016-01-21,1.090400,1.093550,1.078900,1.089050,1.089050,201616
2016-01-22,1.088500,1.089000,1.080100,1.080350,1.080350,307024
2016-01-24,null,null,null,null,null,null
2016-01-25,1.080750,1.087000,1.080200,1.084900,1.084900,180415
2016-01-26,1.086250,1.088700,1.083100,1.086500,1.086500,107098
2016-01-27,1.087950,1.093000,1.086300,1.091750,1.091750,156060
2016-01-28,1.091450,1.098000,1.088100,1.096700,1.096700,192258
2016-01-29,1.094950,1.096000,1.082100,1.083850,1.083850,193550
2016-01-31,null,null,null,null,null,null
2016-02-01,1.084100,1.092450,1.082500,1.090350,1.090350,277993
2016-02-02,1.089800,1.095100,1.089650,1.092700,1.092700,164237
2016-02-03,1.093550,1.115650,1.091400,1.110300,1.110300,152546
2016-02-04,1.109600,1.125000,1.107950,1.122200,1.122200,339401
2016-02-05,1.121250,1.127000,1.111850,1.115450,1.115450,309206
2016-02-07,null,null,null,null,null,null
2016-02-08,1.115700,1.122600,1.109600,1.122150,1.122150,282285
2016-02-09,1.120850,1.134850,1.117200,1.129600,1.129600,213136
2016-02-10,1.129650,1.132050,1.117000,1.128950,1.128950,277498
2016-02-11,1.128900,1.138550,1.128250,1.133200,1.133200,266681
2016-02-12,1.132400,1.134200,1.122200,1.126400,1.126400,338708
2016-02-14,null,null,null,null,null,null
2016-02-15,null,null,null,null,null,null
2016-02-16,1.125200,1.125350,1.113150,1.115150,1.115150,219133
2016-02-17,1.114800,1.118650,1.111300,1.114600,1.114600,252501
2016-02-18,1.113550,1.115600,1.107650,1.110350,1.110350,172728
2016-02-19,1.111650,1.114500,1.106500,1.114150,1.114150,179893
2016-02-21,null,null,null,null,null,null
2016-02-22,1.112200,1.113100,1.100850,1.103100,1.103100,171382
2016-02-23,1.103250,1.105850,1.099550,1.101450,1.101450,157685
2016-02-24,1.102450,1.105200,1.096200,1.101900,1.101900,158570
2016-02-25,1.102150,1.105450,1.099150,1.104500,1.104500,244186
2016-02-26,1.102400,1.107250,1.091550,1.093150,1.093150,166637
2016-02-28,null,null,null,null,null,null
2016-02-29,1.092300,1.096650,1.086250,1.088500,1.088500,240182
2016-03-01,1.088650,1.089750,1.083750,1.086950,1.086950,193760
2016-03-02,1.087150,1.088400,1.082850,1.086700,1.086700,194223
2016-03-03,1.087000,1.097550,1.085600,1.095850,1.095850,160507
2016-03-04,1.095350,1.104600,1.090500,1.100050,1.100050,184961
2016-03-06,null,null,null,null,null,null
2016-03-07,1.099550,1.102800,1.094150,1.101850,1.101850,331761
2016-03-08,1.101800,1.106000,1.099400,1.100500,1.100500,159325
2016-03-09,1.100800,1.103650,1.094650,1.100400,1.100400,210371
2016-03-10,1.099850,1.121950,1.082250,1.120050,1.120050,312900
2016-03-11,1.118000,1.121100,1.108100,1.115700,1.115700,605825
2016-03-13,null,null,null,null,null,null
2016-03-14,1.114600,1.117500,1.109900,1.110800,1.110800,119614
2016-03-15,1.113400,1.115550,1.110250,1.113850,1.113850,155915
2016-03-16,1.113600,1.127350,1.108800,1.122450,1.122450,132907
2016-03-17,1.124350,1.137150,1.123350,1.134750,1.134750,229317
2016-03-18,1.134400,1.136500,1.128400,1.129600,1.129600,255304
2016-03-20,null,null,null,null,null,null
2016-03-21,1.129750,1.131300,1.126200,1.128000,1.128000,153487
2016-03-22,1.126850,1.128850,1.121600,1.124650,1.124650,118079
2016-03-23,1.124200,1.125000,1.118500,1.120800,1.120800,157210
2016-03-24,1.120800,1.121350,1.116950,1.119700,1.119700,133451
2016-03-27,null,null,null,null,null,null
2016-03-28,1.118600,1.124600,1.117850,1.122750,1.122750,117045
2016-03-29,1.122250,1.132950,1.119450,1.132200,1.132200,72723
2016-03-30,1.131700,1.139150,1.131100,1.136000,1.136000,231419
2016-03-31,1.136000,1.143800,1.133450,1.141200,1.141200,213624
2016-04-01,1.140450,1.146250,1.135850,1.141650,1.141650,231438
2016-04-03,null,null,null,null,null,null
2016-04-04,1.142000,1.143750,1.138050,1.141950,1.141950,276466
2016-04-05,1.141400,1.142900,1.135850,1.140850,1.140850,131739
2016-04-06,1.140600,1.145450,1.134900,1.142900,1.142900,182079
2016-04-07,1.141700,1.147600,1.135800,1.140050,1.140050,228244
2016-04-08,1.139400,1.144000,1.137000,1.141900,1.141900,225764
2016-04-10,null,null,null,null,null,null
2016-04-11,1.143000,1.146900,1.139250,1.143300,1.143300,157386
2016-04-12,1.142600,1.148600,1.136650,1.141750,1.141750,148089
2016-04-13,1.140500,1.141150,1.128800,1.130350,1.130350,182161
2016-04-14,1.129500,1.131450,1.125300,1.128550,1.128550,198197
2016-04-15,1.127750,1.133600,1.126400,1.130450,1.130450,150653
2016-04-17,null,null,null,null,null,null
2016-04-18,1.131300,1.135100,1.129250,1.133200,1.133200,131864
2016-04-19,1.133300,1.140350,1.132150,1.139300,1.139300,102535
2016-04-20,1.137500,1.140600,1.130800,1.131900,1.131900,146173
2016-04-21,1.131650,1.141700,1.128650,1.131150,1.131150,144418
2016-04-22,1.130100,1.132500,1.123400,1.124450,1.124450,255261
2016-04-24,null,null,null,null,null,null
2016-04-25,1.124050,1.129450,1.123600,1.127600,1.127600,152035
2016-04-26,1.128300,1.135650,1.127150,1.130550,1.130550,109321
2016-04-27,1.131400,1.137800,1.128650,1.134100,1.134100,162696
2016-04-28,1.133850,1.138250,1.131000,1.136400,1.136400,180385
2016-04-29,1.136550,1.147500,1.136250,1.146500,1.146500,169940
2016-05-01,null,null,null,null,null,null
2016-05-02,1.147350,1.155150,1.146200,1.153700,1.153700,243008
2016-05-03,1.154250,1.163050,1.150900,1.152050,1.152050,147983
2016-05-04,1.151350,1.154350,1.147950,1.151450,1.151450,230491
2016-05-05,1.149850,1.150650,1.139800,1.141100,1.141100,195794
2016-05-06,1.141700,1.149800,1.139850,1.141000,1.141000,171211
2016-05-08,null,null,null,null,null,null
2016-05-09,1.141000,1.143200,1.138700,1.139950,1.139950,188664
2016-05-10,1.139200,1.142150,1.137000,1.138050,1.138050,118599
2016-05-11,1.138300,1.145750,1.137950,1.143650,1.143650,125704
2016-05-12,1.143600,1.143950,1.137900,1.138450,1.138450,117879
2016-05-13,1.138500,1.138950,1.129200,1.131650,1.131650,129825
2016-05-15,null,null,null,null,null,null
2016-05-16,1.131150,1.135150,1.131050,1.132700,1.132700,174953
2016-05-17,1.132600,1.135800,1.130500,1.132600,1.132600,84564
2016-05-18,1.132150,1.132450,1.122250,1.123750,1.123750,123558
2016-05-19,1.122600,1.123700,1.118700,1.120800,1.120800,181767
2016-05-20,1.120800,1.124400,1.120300,1.122550,1.122550,165548
2016-05-22,null,null,null,null,null,null
2016-05-23,1.122350,1.124900,1.119400,1.122650,1.122650,106002
2016-05-24,1.122650,1.123350,1.113900,1.115200,1.115200,110981
2016-05-25,1.114400,1.117300,1.113450,1.116800,1.116800,156259
2016-05-26,1.116150,1.122200,1.115450,1.119500,1.119500,123130
2016-05-27,1.119700,1.120550,1.111550,1.114350,1.114350,152294
2016-05-29,null,null,null,null,null,null
2016-05-31,1.111800,1.117800,1.110250,1.113000,1.113000,138986
2016-06-01,1.113450,1.119800,1.111800,1.118650,1.118650,210972
2016-06-02,1.119050,1.122350,1.114850,1.115300,1.115300,182534
2016-06-03,1.115600,1.137700,1.113950,1.134800,1.134800,168309
2016-06-05,null,null,null,null,null,null
2016-06-06,1.136750,1.139500,1.132800,1.137600,1.137600,278856
2016-06-07,1.135950,1.138250,1.134050,1.136450,1.136450,196056
2016-06-08,1.135850,1.141300,1.135650,1.139900,1.139900,174732
2016-06-09,1.139950,1.141650,1.130600,1.133200,1.133200,233598
2016-06-10,1.131600,1.132200,1.124550,1.126100,1.126100,270804
2016-06-12,null,null,null,null,null,null
2016-06-13,1.124850,1.128500,1.123350,1.128400,1.128400,128537
2016-06-14,1.132600,1.133600,1.122700,1.124200,1.124200,152536
2016-06-15,1.124450,1.133800,1.122800,1.130250,1.130250,175765
2016-06-16,1.129900,1.133250,1.116900,1.127550,1.127550,167165
2016-06-17,1.126750,1.133350,1.125900,1.130700,1.130700,252019
2016-06-19,null,null,null,null,null,null
2016-06-20,1.135350,1.141950,1.133800,1.135150,1.135150,149148
2016-06-21,1.134800,1.138600,1.127550,1.129400,1.129400,141250
2016-06-22,1.128350,1.137500,1.127200,1.134600,1.134600,145831
2016-06-23,1.137200,1.145750,1.135250,1.139050,1.139050,128010
2016-06-24,1.145000,1.145500,1.094700,1.115550,1.115550,159404
2016-06-26,null,null,null,null,null,null
2016-06-27,1.108700,1.111650,1.100350,1.103600,1.103600,389173
2016-06-28,1.105550,1.114400,1.104350,1.107950,1.107950,218422
2016-06-29,1.111300,1.116200,1.108100,1.113800,1.113800,150774
2016-06-30,1.115350,1.118450,1.105200,1.110750,1.110750,156177
2016-07-01,1.113250,1.119950,1.110200,1.116500,1.116500,220001
2016-07-03,null,null,null,null,null,null
2016-07-05,1.116500,1.121600,1.109150,1.110050,1.110050,129733
2016-07-06,1.109550,1.114300,1.105950,1.113400,1.113400,182561
2016-07-07,1.112650,1.113750,1.108100,1.108400,1.108400,144979
2016-07-08,1.109000,1.114950,1.102950,1.107750,1.107750,106400
2016-07-10,null,null,null,null,null,null
2016-07-11,1.107950,1.110350,1.104300,1.108500,1.108500,174158
2016-07-12,1.108800,1.115500,1.108000,1.109600,1.109600,98509
2016-07-13,1.109000,1.114800,1.106950,1.113550,1.113550,144077
2016-07-14,1.112100,1.119200,1.111500,1.114850,1.114850,128781
2016-07-15,1.114100,1.117650,1.105200,1.108850,1.108850,139913
2016-07-17,null,null,null,null,null,null
2016-07-18,1.107950,1.111250,1.106450,1.109600,1.109600,141796
2016-07-19,1.110050,1.110750,1.102550,1.104150,1.104150,87018
2016-07-20,1.104450,1.105650,1.100650,1.103000,1.103000,146873
2016-07-21,1.103550,1.108550,1.100450,1.103850,1.103850,124763
2016-07-22,1.104900,1.106600,1.097950,1.098650,1.098650,171902
2016-07-24,null,null,null,null,null,null
2016-07-25,1.099550,1.102350,1.097600,1.101400,1.101400,124231
2016-07-26,1.101600,1.105450,1.100300,1.101100,1.101100,87057
2016-07-27,1.100750,1.108900,1.098400,1.104300,1.104300,104632
2016-07-28,1.107600,1.114300,1.107500,1.109550,1.109550,150321
2016-07-29,1.109750,1.121900,1.109300,1.120150,1.120150,142672
2016-07-31,null,null,null,null,null,null
2016-08-01,1.120550,1.120600,1.117700,1.119100,1.119100,192318
2016-08-02,1.118500,1.125550,1.118350,1.124800,1.124800,99659
2016-08-03,1.124350,1.124500,1.116200,1.116700,1.116700,130517
2016-08-04,1.116900,1.117600,1.113350,1.114950,1.114950,116852
2016-08-05,1.114600,1.118050,1.106400,1.110950,1.110950,107982
2016-08-07,null,null,null,null,null,null
2016-08-08,1.110350,1.112350,1.109050,1.110050,1.110050,161721
2016-08-09,1.110500,1.114050,1.108850,1.112550,1.112550,70983
2016-08-10,1.113200,1.120750,1.113150,1.119150,1.119150,102809
2016-08-11,1.119850,1.120850,1.115100,1.115900,1.115900,140949
2016-08-12,1.115450,1.123700,1.114650,1.117750,1.117750,103011
2016-08-14,null,null,null,null,null,null
2016-08-15,1.118450,1.121900,1.116800,1.119650,1.119650,138571
2016-08-16,1.119700,1.133750,1.119200,1.129050,1.129050,66849
2016-08-17,1.129000,1.133050,1.125350,1.130400,1.130400,207887
2016-08-18,1.130100,1.138000,1.130000,1.136700,1.136700,139701
2016-08-19,1.136550,1.137300,1.131650,1.133550,1.133550,159275
2016-08-21,null,null,null,null,null,null
2016-08-22,1.132600,1.134300,1.128250,1.133650,1.133650,122551
2016-08-23,1.133300,1.136650,1.131500,1.131750,1.131750,103805
2016-08-24,1.131800,1.132250,1.125650,1.127350,1.127350,108149
2016-08-25,1.127400,1.130800,1.126950,1.128900,1.128900,121460
2016-08-26,1.129500,1.135200,1.118950,1.119650,1.119650,103635
2016-08-28,null,null,null,null,null,null
2016-08-29,1.119650,1.121700,1.116700,1.119550,1.119550,261824
2016-08-30,1.119450,1.120050,1.114050,1.114950,1.114950,115729
2016-08-31,1.115100,1.117300,1.113100,1.116650,1.116650,129704
2016-09-01,1.116500,1.121100,1.113300,1.120450,1.120450,148992
2016-09-02,1.120250,1.126050,1.115500,1.116500,1.116500,174294
2016-09-04,null,null,null,null,null,null
2016-09-06,1.115900,1.126800,1.114350,1.125950,1.125950,203258
2016-09-07,1.125550,1.127600,1.123300,1.124800,1.124800,267554
2016-09-08,1.124300,1.133100,1.123700,1.126200,1.126200,141988
2016-09-09,1.126800,1.128750,1.120100,1.123100,1.123100,259421
2016-09-11,null,null,null,null,null,null
2016-09-12,1.123750,1.127300,1.121300,1.124500,1.124500,188058
2016-09-13,1.123700,1.126250,1.120600,1.121050,1.121050,183833
2016-09-14,1.121900,1.127650,1.121500,1.125200,1.125200,225113
2016-09-15,1.125050,1.129000,1.121950,1.124400,1.124400,296864
2016-09-16,1.124350,1.125150,1.115000,1.115150,1.115150,248876
2016-09-18,null,null,null,null,null,null
2016-09-19,1.115650,1.118350,1.115250,1.117800,1.117800,61445
2016-09-20,1.121800,1.125500,1.119100,1.119850,1.119850,116856
2016-09-21,1.119350,1.123800,1.116400,1.121750,1.121750,131280
2016-09-22,1.123200,1.129850,1.122400,1.124100,1.124100,183371
2016-09-23,1.124800,1.128000,1.123250,1.127150,1.127150,164867
2016-09-25,null,null,null,null,null,null
2016-09-26,1.126600,1.132000,1.126050,1.129550,1.129550,129823
2016-09-27,1.129250,1.130000,1.123150,1.126200,1.126200,119056
2016-09-28,1.125950,1.127700,1.122150,1.125450,1.125450,170328
2016-09-29,1.125600,1.128750,1.123300,1.125200,1.125200,152461
2016-09-30,1.125350,1.129050,1.119150,1.127700,1.127700,155508
2016-10-02,null,null,null,null,null,null
2016-10-03,1.127650,1.128500,1.124300,1.125500,1.125500,252917
2016-10-04,1.125000,1.127550,1.117350,1.123200,1.123200,106821
2016-10-05,1.124200,1.126750,1.122350,1.124700,1.124700,254938
2016-10-06,1.124100,1.124450,1.117100,1.117250,1.117250,147447
2016-10-07,1.117800,1.123650,1.113550,1.121050,1.121050,159827
2016-10-09,null,null,null,null,null,null
2016-10-11,1.116900,1.117300,1.107800,1.108000,1.108000,88304
2016-10-12,1.108550,1.109850,1.103350,1.104050,1.104050,186158
2016-10-13,1.103500,1.108750,1.101400,1.108400,1.108400,190172
2016-10-14,1.108200,1.108650,1.099800,1.100950,1.100950,183857
2016-10-16,null,null,null,null,null,null
2016-10-17,1.099850,1.103700,1.099200,1.102500,1.102500,168037
2016-10-18,1.102600,1.105400,1.099700,1.100500,1.100500,110703
2016-10-19,1.100500,1.103150,1.098100,1.099350,1.099350,131698
2016-10-20,1.099850,1.106500,1.094050,1.095100,1.095100,118489
2016-10-21,1.095200,1.095450,1.088350,1.089850,1.089850,208172
2016-10-23,null,null,null,null,null,null
2016-10-24,1.090300,1.092450,1.088400,1.090150,1.090150,150215
2016-10-25,1.089800,1.092900,1.087500,1.091350,1.091350,115649
2016-10-26,1.091250,1.097000,1.089800,1.093150,1.093150,153415
2016-10-27,1.093100,1.096450,1.090450,1.092500,1.092500,161001
2016-10-28,1.091900,1.101400,1.091450,1.100250,1.100250,151887
2016-10-30,null,null,null,null,null,null
2016-10-31,1.100300,1.101650,1.095800,1.098700,1.098700,178627
2016-11-01,1.099700,1.109050,1.098150,1.108200,1.108200,122256
2016-11-02,1.107850,1.114300,1.107050,1.111550,1.111550,171880
2016-11-03,1.111750,1.114500,1.107800,1.112400,1.112400,203584
2016-11-04,1.112350,1.116300,1.109850,1.113800,1.113800,172545
2016-11-06,null,null,null,null,null,null
2016-11-07,1.110950,1.112900,1.104550,1.105650,1.105650,154498
2016-11-08,1.106150,1.108450,1.102650,1.104700,1.104700,151641
2016-11-09,1.103000,1.131700,1.092000,1.094600,1.094600,126449
2016-11-10,1.094000,1.096900,1.087900,1.090600,1.090600,461271
2016-11-13,null,null,null,null,null,null
2016-11-14,1.085000,1.085600,1.072250,1.073900,1.073900,187179
2016-11-15,1.075850,1.083000,1.072750,1.073000,1.073000,247721
2016-11-16,1.073500,1.077300,1.067950,1.069450,1.069450,213822
2016-11-17,1.071150,1.075700,1.063100,1.063850,1.063850,223264
2016-11-18,1.063700,1.065400,1.058000,1.061100,1.061100,226961
2016-11-20,null,null,null,null,null,null
2016-11-21,1.059850,1.065950,1.058950,1.062000,1.062000,246421
2016-11-22,1.064000,1.066850,1.059350,1.063450,1.063450,181472
2016-11-23,1.063500,1.065400,1.053650,1.055800,1.055800,177466
2016-11-25,1.056000,1.063650,1.052700,1.060050,1.060050,239846
2016-11-27,null,null,null,null,null,null
2016-11-28,1.060850,1.069450,1.057250,1.060450,1.060450,247723
2016-11-29,1.061850,1.066300,1.057350,1.065600,1.065600,209003
2016-11-30,1.065600,1.067450,1.055950,1.060450,1.060450,195819
2016-12-01,1.060000,1.067600,1.059050,1.065350,1.065350,266875
2016-12-02,1.066700,1.069600,1.063050,1.066450,1.066450,226919
2016-12-04,null,null,null,null,null,null
2016-12-05,1.055000,1.080200,1.051000,1.077450,1.077450,195184
2016-12-06,1.076700,1.079050,1.070300,1.072150,1.072150,304739
2016-12-07,1.072400,1.077300,1.071450,1.076350,1.076350,199821
2016-12-08,1.076200,1.087800,1.060100,1.061700,1.061700,136627
2016-12-09,1.061700,1.063350,1.053350,1.055700,1.055700,356309
2016-12-11,null,null,null,null,null,null
2016-12-12,1.054900,1.065500,1.052800,1.063300,1.063300,220016
2016-12-13,1.064600,1.067000,1.060650,1.062300,1.062300,252251
2016-12-14,1.062850,1.067250,1.049850,1.056050,1.056050,209256
2016-12-15,1.053050,1.053050,1.036750,1.042600,1.042600,391800
2016-12-16,1.042200,1.047500,1.040100,1.043300,1.043300,355581
2016-12-18,null,null,null,null,null,null
2016-12-19,1.044750,1.047800,1.041100,1.044100,1.044100,68085
2016-12-20,1.044700,1.046400,1.039800,1.043550,1.043550,154407
2016-12-21,1.043700,1.049650,1.042800,1.047150,1.047150,148136
2016-12-22,1.047000,1.054350,1.046750,1.047900,1.047900,119956
2016-12-23,1.047850,1.051400,1.047100,1.049100,1.049100,140543
2016-12-25,null,null,null,null,null,null
2016-12-27,1.049850,1.050850,1.047400,1.050150,1.050150,71023
2016-12-28,1.050100,1.052400,1.042050,1.045800,1.045800,55644
2016-12-29,1.045700,1.053050,1.045050,1.052100,1.052100,127199
2016-12-30,1.052800,1.069350,1.052000,1.057400,1.057400,139611
2017-01-01,null,null,null,null,null,null
2017-01-03,1.050050,1.052400,1.037350,1.044550,1.044550,175634
2017-01-04,1.044200,1.053200,1.042200,1.049850,1.049850,242830
2017-01-05,1.051600,1.064600,1.051100,1.062200,1.062200,197711
2017-01-06,1.063450,1.065950,1.055400,1.056100,1.056100,281509
2017-01-08,null,null,null,null,null,null
2017-01-09,1.056000,1.061200,1.053950,1.060650,1.060650,215663
2017-01-10,1.061000,1.065550,1.057900,1.058650,1.058650,150749
2017-01-11,1.058200,1.065050,1.048050,1.060350,1.060350,168448
2017-01-12,1.061000,1.071050,1.059750,1.065100,1.065100,312235
2017-01-13,1.063600,1.070150,1.062100,1.066800,1.066800,251202
2017-01-15,null,null,null,null,null,null
2017-01-17,1.065000,1.074500,1.060350,1.073400,1.073400,185293
2017-01-18,1.073600,1.073700,1.065250,1.069150,1.069150,313999
2017-01-19,1.065500,1.070000,1.061150,1.068200,1.068200,166779
2017-01-20,1.068300,1.073250,1.064700,1.073000,1.073000,241553
2017-01-22,null,null,null,null,null,null
2017-01-23,1.072750,1.079250,1.072500,1.076800,1.076800,193044
2017-01-24,1.079000,1.079650,1.074100,1.074300,1.074300,195583
2017-01-25,1.075150,1.079000,1.073150,1.076150,1.076150,148585
2017-01-26,1.076800,1.078450,1.067650,1.071750,1.071750,166635
2017-01-27,1.070000,1.074400,1.067700,1.071750,1.071750,204441
2017-01-29,null,null,null,null,null,null
2017-01-30,1.072900,1.075850,1.063750,1.071100,1.071100,175241
2017-01-31,1.071700,1.082900,1.070150,1.082100,1.082100,206051
2017-02-01,1.081350,1.082400,1.074650,1.079300,1.079300,294460
2017-02-02,1.078350,1.084400,1.077100,1.077850,1.077850,213569
2017-02-03,1.077750,1.081250,1.072500,1.078150,1.078150,191364
2017-02-05,null,null,null,null,null,null
2017-02-06,1.079800,1.080300,1.071950,1.076200,1.076200,206821
2017-02-07,1.076100,1.076350,1.066950,1.070850,1.070850,151778
2017-02-08,1.069500,1.072750,1.065300,1.069850,1.069850,176874
2017-02-09,1.070550,1.072100,1.066200,1.067000,1.067000,190456
2017-02-10,1.066450,1.067900,1.061850,1.064250,1.064250,168986
2017-02-12,null,null,null,null,null,null
2017-02-13,1.064150,1.066950,1.060250,1.060950,1.060950,176378
2017-02-14,1.060550,1.064400,1.057100,1.058300,1.058300,138249
2017-02-15,1.058850,1.061900,1.053100,1.060000,1.060000,201934
2017-02-16,1.060350,1.068850,1.060100,1.068500,1.068500,211922
2017-02-17,1.067900,1.068550,1.061350,1.061450,1.061450,207182
2017-02-19,null,null,null,null,null,null
2017-02-21,1.062800,1.064150,1.053350,1.055600,1.055600,158980
2017-02-22,1.054250,1.058150,1.050150,1.057850,1.057850,245054
2017-02-23,1.056250,1.060200,1.054350,1.057850,1.057850,241801
2017-02-24,1.058400,1.062400,1.056200,1.056950,1.056950,168514
2017-02-26,null,null,null,null,null,null
2017-02-27,1.056500,1.063600,1.055700,1.059350,1.059350,207934
2017-02-28,1.059150,1.063550,1.057050,1.059750,1.059750,168333
2017-03-01,1.057650,1.059450,1.051800,1.054800,1.054800,200080
2017-03-02,1.055100,1.055450,1.049800,1.050450,1.050450,243721
2017-03-03,1.050800,1.062800,1.050550,1.060150,1.060150,195151
2017-03-05,null,null,null,null,null,null
2017-03-06,1.061450,1.064250,1.057700,1.058950,1.058950,280776
2017-03-07,1.058300,1.060500,1.056000,1.056950,1.056950,207698
2017-03-08,1.056650,1.057600,1.053650,1.055000,1.055000,201552
2017-03-09,1.054200,1.061600,1.052550,1.059350,1.059350,295448
2017-03-10,1.057650,1.070050,1.057150,1.069350,1.069350,402889
2017-03-12,null,null,null,null,null,null
2017-03-13,1.068500,1.071500,1.065650,1.066450,1.066450,144628
2017-03-14,1.067100,1.067950,1.061800,1.062850,1.062850,1412
2017-03-15,1.062850,1.076500,1.062750,1.072100,1.072100,1926
2017-03-16,1.075500,1.078550,1.072250,1.076550,1.076550,1348
2017-03-17,1.078750,1.079750,1.074550,1.075800,1.075800,748
2017-03-19,null,null,null,null,null,null
2017-03-20,1.075500,1.079300,1.074250,1.074850,1.074850,526
2017-03-21,1.075200,1.083400,1.075200,1.081500,1.081500,611
2017-03-22,1.082050,1.083600,1.079200,1.081200,1.081200,521
2017-03-23,1.080450,1.081600,1.078400,1.079900,1.079900,700
2017-03-24,1.077850,1.082350,1.077600,1.081950,1.081950,747
2017-03-26,null,null,null,null,null,null
2017-03-27,1.084900,1.091700,1.084900,1.088000,1.088000,255
2017-03-28,1.087400,1.088150,1.081100,1.081950,1.081950,958
2017-03-29,1.082350,1.082900,1.075500,1.076800,1.076800,705
2017-03-30,1.077200,1.077500,1.067950,1.069700,1.069700,517
2017-03-31,1.067300,1.070800,1.066000,1.069050,1.069050,408
2017-04-02,null,null,null,null,null,null
2017-04-03,1.069500,1.069500,1.064950,1.067300,1.067300,558
2017-04-04,1.067250,1.068200,1.064250,1.067400,1.067400,359
2017-04-05,1.068050,1.069350,1.064150,1.067150,1.067150,313
2017-04-06,1.068800,1.068800,1.063450,1.065100,1.065100,488
2017-04-07,1.064750,1.067300,1.058500,1.059250,1.059250,386
2017-04-09,null,null,null,null,null,null
2017-04-10,1.058800,1.060900,1.057550,1.059750,1.059750,586
2017-04-11,1.060100,1.063250,1.058500,1.061050,1.061050,488
2017-04-12,1.060300,1.067350,1.059500,1.059600,1.059600,227
2017-04-13,1.066200,1.067750,1.060850,1.062250,1.062250,438
2017-04-16,null,null,null,null,null,null
2017-04-17,1.061550,1.066150,1.061550,1.066150,1.066150,821
2017-04-18,1.066400,1.074850,1.065750,1.074500,1.074500,317
2017-04-19,1.073750,1.074850,1.071500,1.073300,1.073300,346
2017-04-20,1.072200,1.078600,1.072200,1.073200,1.073200,273
2017-04-21,1.072500,1.074550,1.069500,1.070600,1.070600,581
2017-04-23,null,null,null,null,null,null
2017-04-24,1.080000,1.090850,1.080000,1.086900,1.086900,1009
2017-04-25,1.088000,1.095950,1.086400,1.095000,1.095000,977
2017-04-26,1.093800,1.095600,1.086800,1.090750,1.090750,1081
2017-04-27,1.091550,1.093900,1.086150,1.089050,1.089050,501
2017-04-28,1.086900,1.095450,1.086550,1.090250,1.090250,1464
2017-04-30,null,null,null,null,null,null
2017-05-01,1.090800,1.093000,1.089650,1.091300,1.091300,1038
2017-05-02,1.092550,1.094400,1.089800,1.093400,1.093400,195
2017-05-03,1.093550,1.094050,1.089350,1.091000,1.091000,563
2017-05-04,1.089050,1.099200,1.088400,1.098200,1.098200,733
2017-05-05,1.098400,1.100800,1.095300,1.099300,1.099300,1425
2017-05-07,null,null,null,null,null,null
2017-05-08,1.101150,1.101200,1.092100,1.093650,1.093650,1450
2017-05-09,1.092550,1.092700,1.087050,1.087150,1.087150,1199
2017-05-10,1.087900,1.089950,1.085700,1.086350,1.086350,1493
2017-05-11,1.087150,1.088650,1.083950,1.086700,1.086700,685
2017-05-12,1.087050,1.093350,1.085950,1.092400,1.092400,845
2017-05-14,null,null,null,null,null,null
2017-05-15,1.094000,1.098400,1.094000,1.097950,1.097950,627
2017-05-16,1.099650,1.111500,1.099450,1.111250,1.111250,133125
2017-05-17,1.110000,1.118000,1.109750,1.116600,1.116600,228579
2017-05-18,1.118300,1.118800,1.109150,1.112000,1.112000,241181
2017-05-19,1.111600,1.122750,1.111400,1.122050,1.122050,253933
2017-05-21,null,null,null,null,null,null
2017-05-22,1.122050,1.127850,1.117600,1.125100,1.125100,198552
2017-05-23,1.125300,1.128250,1.118950,1.119850,1.119850,206695
2017-05-24,1.119650,1.123550,1.118200,1.121200,1.121200,243344
2017-05-25,1.122700,1.126250,1.120500,1.121600,1.121600,193571
2017-05-26,1.122000,1.124600,1.117250,1.118950,1.118950,146755
2017-05-28,null,null,null,null,null,null
2017-05-30,1.118600,1.121650,1.112000,1.119900,1.119900,162243
2017-05-31,1.119350,1.126250,1.117400,1.125600,1.125600,257785
2017-06-01,1.125100,1.126550,1.120950,1.122350,1.122350,211806
2017-06-02,1.122200,1.129400,1.121250,1.128550,1.128550,140453
2017-06-04,null,null,null,null,null,null
2017-06-05,1.128650,1.129100,1.124150,1.126450,1.126450,180335
2017-06-06,1.126300,1.129150,1.124700,1.127550,1.127550,111446
2017-06-07,1.128450,1.128950,1.121000,1.126050,1.126050,156412
2017-06-08,1.126350,1.127400,1.119950,1.122800,1.122800,262232
2017-06-09,1.120800,1.122000,1.117050,1.120200,1.120200,234545
2017-06-11,null,null,null,null,null,null
2017-06-12,1.120900,1.123650,1.119550,1.121200,1.121200,197853
2017-06-13,1.120750,1.122850,1.118850,1.121550,1.121550,170480
2017-06-14,1.121200,1.129900,1.119600,1.121900,1.121900,196134
2017-06-15,1.121850,1.122950,1.113300,1.115400,1.115400,495287
2017-06-16,1.114600,1.120250,1.113850,1.119400,1.119400,238047
2017-06-18,null,null,null,null,null,null
2017-06-19,1.120000,1.121200,1.117200,1.117800,1.117800,66378
2017-06-20,1.116850,1.118100,1.113800,1.114600,1.114600,748
2017-06-21,1.115250,1.118700,1.114450,1.117950,1.117950,718
2017-06-22,1.118250,1.119250,1.115500,1.116200,1.116200,629
2017-06-23,1.116500,1.121850,1.116300,1.121200,1.121200,401
2017-06-25,null,null,null,null,null,null
2017-06-26,1.121000,1.123250,1.118750,1.119500,1.119500,527
2017-06-27,1.119300,1.136300,1.119300,1.136100,1.136100,510
2017-06-28,1.134900,1.140250,1.130400,1.139250,1.139250,1476
2017-06-29,1.138800,1.145500,1.138500,1.144200,1.144200,3902
2017-06-30,1.145000,1.145100,1.140250,1.142950,1.142950,2885
2017-07-02,null,null,null,null,null,null
2017-07-03,null,null,null,null,null,null
2017-07-05,1.137300,1.138400,1.131950,1.134850,1.134850,1081
2017-07-06,1.135650,1.142900,1.133800,1.142700,1.142700,2309
2017-07-07,1.142650,1.144000,1.138500,1.140700,1.140700,1199
2017-07-09,null,null,null,null,null,null
2017-07-10,1.140500,1.142100,1.138600,1.140700,1.140700,840
2017-07-11,1.140000,1.148250,1.138750,1.148050,1.148050,234
2017-07-12,1.146650,1.149000,1.139550,1.141800,1.141800,746
2017-07-13,1.142950,1.145350,1.137500,1.140650,1.140650,1057
2017-07-14,1.140500,1.147150,1.140250,1.146700,1.146700,1275
2017-07-16,null,null,null,null,null,null
2017-07-17,1.146150,1.147750,1.144000,1.147600,1.147600,693
2017-07-18,1.149400,1.160000,1.149300,1.157750,1.157750,518
2017-07-19,1.156700,1.156700,1.152550,1.153400,1.153400,1196
2017-07-20,1.154100,1.167000,1.149450,1.163800,1.163800,542
2017-07-21,1.164750,1.169600,1.163750,1.169150,1.169150,2443
2017-07-23,null,null,null,null,null,null
2017-07-24,1.168000,1.169350,1.163950,1.165550,1.165550,643
2017-07-25,1.165250,1.172350,1.164650,1.166200,1.166200,517
2017-07-26,1.165800,1.175200,1.162900,1.171450,1.171450,804
2017-07-27,1.174300,1.178450,1.166400,1.169300,1.169300,1077
2017-07-28,1.169250,1.177000,1.168850,1.177000,1.177000,1108
2017-07-30,null,null,null,null,null,null
2017-07-31,1.176100,1.185300,1.173200,1.183900,1.183900,2229
2017-08-01,1.184550,1.184550,1.179400,1.181000,1.181000,1234
2017-08-02,1.181250,1.191150,1.180650,1.186800,1.186800,544
2017-08-03,1.186000,1.189250,1.184150,1.187300,1.187300,986
2017-08-04,1.187850,1.189250,1.173500,1.176950,1.176950,636
2017-08-06,null,null,null,null,null,null
2017-08-07,1.178750,1.181800,1.178300,1.179900,1.179900,751
2017-08-08,1.180300,1.182500,1.172400,1.175650,1.175650,521
2017-08-09,1.175200,1.176550,1.169450,1.175600,1.175600,363
2017-08-10,1.176250,1.178350,1.170550,1.177100,1.177100,488
2017-08-11,1.177000,1.184350,1.175300,1.182400,1.182400,516
2017-08-13,null,null,null,null,null,null
2017-08-14,1.182700,1.183850,1.177900,1.177900,1.177900,731
2017-08-15,1.179800,1.181400,1.170800,1.175450,1.175450,143809
2017-08-16,1.175650,1.179900,1.170150,1.178850,1.178850,191384
2017-08-17,1.178850,1.180850,1.168000,1.175900,1.175900,227828
2017-08-18,1.174350,1.179250,1.172550,1.177650,1.177650,249368
2017-08-20,null,null,null,null,null,null
2017-08-21,1.177700,1.184550,1.174800,1.182750,1.182750,163095
2017-08-22,1.182850,1.184100,1.176150,1.176800,1.176800,144246
2017-08-23,1.178050,1.183900,1.175600,1.183550,1.183550,143913
2017-08-24,1.182250,1.183200,1.179800,1.181800,1.181800,159410
2017-08-25,1.181400,1.195500,1.178650,1.189200,1.189200,114770
2017-08-27,null,null,null,null,null,null
2017-08-28,1.195650,1.199700,1.192950,1.199300,1.199300,244695
2017-08-29,1.199100,1.208250,1.195800,1.200300,1.200300,151146
2017-08-30,1.198150,1.199600,1.189200,1.190250,1.190250,287421
2017-08-31,1.190300,1.192300,1.183200,1.191200,1.191200,242905
2017-09-01,1.192750,1.198950,1.185750,1.187550,1.187550,252044
2017-09-03,null,null,null,null,null,null
2017-09-05,1.189000,1.194850,1.187600,1.192650,1.192650,273582
2017-09-06,1.192300,1.195800,1.191000,1.191850,1.191850,251429
2017-09-07,1.192550,1.206500,1.191950,1.201050,1.201050,190153
2017-09-08,1.202500,1.209750,1.201950,1.203250,1.203250,382340
2017-09-10,null,null,null,null,null,null
2017-09-11,1.202900,1.203400,1.195100,1.196700,1.196700,239632
2017-09-12,1.195850,1.198200,1.193000,1.197350,1.197350,226746
2017-09-13,1.196900,1.199800,1.187550,1.187650,1.187650,248358
2017-09-14,1.189000,1.192400,1.183750,1.191450,1.191450,368890
2017-09-15,1.191600,1.198850,1.190150,1.194050,1.194050,296129
2017-09-17,null,null,null,null,null,null
2017-09-18,1.193550,1.196900,1.191600,1.196100,1.196100,87247
2017-09-19,1.197200,1.202150,1.197200,1.201500,1.201500,1275
2017-09-20,1.201200,1.205000,1.187200,1.190700,1.190700,2177
2017-09-21,1.190900,1.196750,1.188200,1.194650,1.194650,1409
2017-09-22,1.195950,1.201800,1.195400,1.195750,1.195750,896
2017-09-24,null,null,null,null,null,null
2017-09-25,1.193700,1.194900,1.184900,1.186000,1.186000,1373
2017-09-26,1.186150,1.187500,1.177250,1.181300,1.181300,2972
2017-09-27,1.180550,1.180550,1.173300,1.177100,1.177100,2374
2017-09-28,1.175450,1.181450,1.173200,1.180100,1.180100,3174
2017-09-29,1.179150,1.184100,1.178400,1.182450,1.182450,1498
2017-10-01,null,null,null,null,null,null
2017-10-02,1.181300,1.182350,1.174050,1.175200,1.175200,1296
2017-10-03,1.174000,1.178150,1.170550,1.175750,1.175750,1410
2017-10-04,1.175000,1.179500,1.174950,1.177150,1.177150,2132
2017-10-05,1.176200,1.178350,1.170500,1.171000,1.171000,1123
2017-10-06,1.171650,1.174150,1.167750,1.173800,1.173800,1351
2017-10-08,null,null,null,null,null,null
2017-10-09,1.174200,1.176050,1.172650,1.175350,1.175350,1777
2017-10-10,1.174500,1.182950,1.174500,1.180750,1.180750,1514
2017-10-11,1.183000,1.187200,1.180100,1.185700,1.185700,3133
2017-10-12,1.186250,1.188000,1.182800,1.183550,1.183550,2587
2017-10-13,1.183100,1.187500,1.180700,1.181900,1.181900,2145
2017-10-15,null,null,null,null,null,null
2017-10-16,1.179150,1.180800,1.179150,1.179950,1.179950,1254
2017-10-17,1.180750,1.180750,1.175650,1.178750,1.178750,542
2017-10-18,1.178200,1.182000,1.174500,1.181900,1.181900,1492
2017-10-19,1.180800,1.186800,1.178200,1.184350,1.184350,1531
2017-10-20,1.185950,1.186950,1.177800,1.179250,1.179250,5070
2017-10-22,null,null,null,null,null,null
2017-10-23,1.178650,1.178650,1.174000,1.175050,1.175050,891
2017-10-24,1.176250,1.180500,1.175550,1.179850,1.179850,923
2017-10-25,1.177350,1.182900,1.176550,1.181750,1.181750,718
2017-10-26,1.182500,1.184100,1.165000,1.166900,1.166900,2543
2017-10-27,1.165350,1.165450,1.158250,1.160750,1.160750,2619
2017-10-29,null,null,null,null,null,null
2017-10-30,1.161300,1.166600,1.161000,1.164750,1.164750,1577
2017-10-31,1.165000,1.166400,1.163500,1.165950,1.165950,779
2017-11-01,1.166150,1.166450,1.161500,1.162550,1.162550,2535
2017-11-02,1.163900,1.169000,1.163300,1.166650,1.166650,1049
2017-11-03,1.166150,1.169250,1.160550,1.161250,1.161250,2463
2017-11-05,null,null,null,null,null,null
2017-11-06,1.161800,1.162800,1.158700,1.161150,1.161150,1058
2017-11-07,1.161450,1.161800,1.156100,1.159100,1.159100,2520
2017-11-08,1.159850,1.161100,1.158350,1.159800,1.159800,1171
2017-11-09,1.159650,1.165550,1.159550,1.164850,1.164850,3273
2017-11-10,1.164500,1.167500,1.163000,1.166550,1.166550,1630
2017-11-12,null,null,null,null,null,null
2017-11-13,1.165900,1.167100,1.164600,1.167100,1.167100,639
2017-11-14,1.168550,1.182600,1.168250,1.181500,1.181500,136647
2017-11-15,1.181650,1.188150,1.180550,1.181300,1.181300,291584
2017-11-16,1.180200,1.181950,1.177500,1.178400,1.178400,289868
2017-11-17,1.178950,1.183950,1.178300,1.181500,1.181500,178838
2017-11-19,null,null,null,null,null,null
2017-11-20,1.178700,1.182650,1.173950,1.174950,1.174950,196780
2017-11-21,1.175000,1.177400,1.172800,1.175900,1.175900,230765
2017-11-22,1.175200,1.184350,1.174900,1.184000,1.184000,181539
2017-11-24,null,null,null,null,null,null
2017-11-26,null,null,null,null,null,null
2017-11-27,1.194750,1.197500,1.190900,1.191350,1.191350,263437
2017-11-28,1.191300,1.193300,1.184000,1.184950,1.184950,198729
2017-11-29,1.186050,1.189550,1.182900,1.187450,1.187450,224825
2017-11-30,1.186100,1.194200,1.181850,1.190800,1.190800,198240
2017-12-01,1.190050,1.195000,1.186000,1.190300,1.190300,271925
2017-12-03,null,null,null,null,null,null
2017-12-04,1.187850,1.188750,1.183800,1.186600,1.186600,289430
2017-12-05,1.187550,1.188550,1.180800,1.182300,1.182300,170174
2017-12-06,1.183700,1.185600,1.178800,1.179850,1.179850,185404
2017-12-07,1.180850,1.182100,1.177700,1.177900,1.177900,197952
2017-12-08,1.178100,1.178200,1.173450,1.177200,1.177200,197235
2017-12-10,null,null,null,null,null,null
2017-12-11,1.177550,1.181600,1.176850,1.179050,1.179050,257159
2017-12-12,1.177700,1.179700,1.172150,1.174150,1.174150,211877
2017-12-13,1.174150,1.183500,1.173250,1.182400,1.182400,308603
2017-12-14,1.182650,1.186450,1.177200,1.179350,1.179350,423777
2017-12-15,1.176700,1.181300,1.175000,1.175800,1.175800,356013
2017-12-17,null,null,null,null,null,null
2017-12-18,1.174850,1.181650,1.174100,1.181300,1.181300,145034
2017-12-19,1.182450,1.188150,1.181800,1.187800,1.187800,2751
2017-12-20,1.187400,1.193100,1.186200,1.190950,1.190950,2430
2017-12-21,1.190800,1.191950,1.188300,1.190400,1.190400,1814
2017-12-22,1.186000,1.189600,1.185750,1.188350,1.188350,991
2017-12-24,null,null,null,null,null,null
2017-12-26,1.190700,1.191550,1.187900,1.189700,1.189700,743
2017-12-27,1.188800,1.193800,1.188800,1.192600,1.192600,743
2017-12-28,1.191250,1.196900,1.191100,1.196300,1.196300,3040
2017-12-29,1.195100,1.203350,1.195000,1.202950,1.202950,3247
2017-12-31,null,null,null,null,null,null
2018-01-02,1.201700,1.208900,1.201400,1.206150,1.206150,1064
2018-01-03,1.206400,1.206500,1.201000,1.202400,1.202400,1882
2018-01-04,1.201700,1.209200,1.201250,1.207750,1.207750,809
2018-01-05,1.207500,1.208850,1.203000,1.205350,1.205350,3205
2018-01-07,null,null,null,null,null,null
2018-01-08,1.205500,1.205500,1.196200,1.196800,1.196800,2329
2018-01-09,1.197550,1.197550,1.192000,1.193500,1.193500,2093
2018-01-10,1.193500,1.202000,1.192750,1.196150,1.196150,2696
2018-01-11,1.196000,1.205800,1.193000,1.204000,1.204000,1814
2018-01-12,1.203500,1.214500,1.203500,1.214500,1.214500,1207
2018-01-14,null,null,null,null,null,null
2018-01-16,1.223700,1.231900,1.221500,1.229600,1.229600,530
2018-01-17,1.229900,1.233950,1.221000,1.226300,1.226300,1907
2018-01-18,1.218900,1.228400,1.218900,1.226600,1.226600,1201
2018-01-19,1.226300,1.231500,1.224000,1.225450,1.225450,1455
2018-01-21,null,null,null,null,null,null
2018-01-22,1.226950,1.228750,1.223750,1.227900,1.227900,1284
2018-01-23,1.227850,1.231950,1.224550,1.231500,1.231500,1183
2018-01-24,1.231800,1.243250,1.231000,1.242400,1.242400,1417
2018-01-25,1.242100,1.255000,1.238250,1.240750,1.240750,901
2018-01-26,1.240700,1.251000,1.240700,1.243900,1.243900,1639
2018-01-28,null,null,null,null,null,null
2018-01-29,1.243400,1.244350,1.236000,1.240550,1.240550,949
2018-01-30,1.239700,1.246700,1.235000,1.242000,1.242000,1506
2018-01-31,1.241800,1.248300,1.240800,1.242600,1.242600,1883
2018-02-01,1.243900,1.253150,1.240750,1.251600,1.251600,1609
2018-02-02,1.251800,1.252550,1.242650,1.246400,1.246400,3077
2018-02-04,null,null,null,null,null,null
2018-02-05,1.244650,1.248200,1.237850,1.241000,1.241000,1917
2018-02-06,1.238550,1.243400,1.232500,1.240250,1.240250,2013
2018-02-07,1.239150,1.241000,1.225650,1.228400,1.228400,2158
2018-02-08,1.226200,1.230050,1.222800,1.226950,1.226950,242
2018-02-09,1.226550,1.228050,1.221900,1.223750,1.223750,3360
2018-02-11,null,null,null,null,null,null
2018-02-12,1.225450,1.229900,1.224250,1.228700,1.228700,2198
2018-02-13,1.230000,1.237200,1.229350,1.235900,1.235900,2396
2018-02-14,1.235300,1.245950,1.228200,1.244100,1.244100,1901
2018-02-15,1.245800,1.251000,1.245800,1.250750,1.250750,2398
2018-02-16,1.252000,1.254000,1.243600,1.244400,1.244400,1101
2018-02-18,null,null,null,null,null,null
2018-02-20,1.243350,1.245750,1.234050,1.235650,1.235650,233936
2018-02-21,1.235400,1.238050,1.230100,1.232150,1.232150,325966
2018-02-22,1.229500,1.237000,1.227700,1.234900,1.234900,220540
2018-02-23,1.234600,1.235400,1.229650,1.231350,1.231350,222821
2018-02-25,null,null,null,null,null,null
2018-02-26,1.230550,1.237150,1.229450,1.232750,1.232750,0
2018-02-27,1.232750,1.236200,1.223650,1.225300,1.225300,177858
2018-02-28,1.224900,1.225650,1.220200,1.221700,1.221700,280019
2018-03-01,1.220600,1.228550,1.216600,1.226550,1.226550,216326
2018-03-02,1.228350,1.234750,1.226250,1.234100,1.234100,272621
2018-03-04,null,null,null,null,null,null
2018-03-05,1.235600,1.236000,1.227900,1.233550,1.233550,208998
2018-03-06,1.234400,1.243000,1.233750,1.241400,1.241400,212186
2018-03-07,1.242950,1.246150,1.239300,1.241350,1.241350,218947
2018-03-08,1.241550,1.245350,1.230400,1.231200,1.231200,205870
2018-03-09,1.231750,1.234000,1.227850,1.232050,1.232050,372406
2018-03-11,null,null,null,null,null,null
2018-03-12,1.231800,1.235050,1.229450,1.234150,1.234150,240854
2018-03-13,1.233750,1.241200,1.231900,1.240200,1.240200,204675
2018-03-14,1.239700,1.241650,1.235100,1.237850,1.237850,325993
2018-03-15,1.237000,1.238550,1.230150,1.230500,1.230500,356237
2018-03-16,1.230400,1.233650,1.226000,1.228550,1.228550,334000
2018-03-18,null,null,null,null,null,null
2018-03-19,1.229000,1.232550,1.226000,1.231950,1.231950,149648
2018-03-20,1.236700,1.238100,1.227150,1.227900,1.227900,1145
2018-03-21,1.227350,1.237300,1.227350,1.235450,1.235450,748
2018-03-22,1.236350,1.240550,1.231100,1.232950,1.232950,2184
2018-03-23,1.234550,1.239400,1.234200,1.238950,1.238950,2352
2018-03-25,null,null,null,null,null,null
2018-03-26,1.238100,1.247900,1.237900,1.247650,1.247650,3944
2018-03-27,1.247650,1.249500,1.239500,1.242050,1.242050,1497
2018-03-28,1.242500,1.242550,1.231500,1.232450,1.232450,2061
2018-03-29,1.232200,1.234500,1.229850,1.230200,1.230200,3673
2018-04-01,null,null,null,null,null,null
2018-04-02,1.233300,1.235500,1.229800,1.231150,1.231150,1512
2018-04-03,1.231300,1.234650,1.226700,1.227850,1.227850,158
2018-04-04,1.227950,1.232500,1.227000,1.229100,1.229100,1117
2018-04-05,1.229700,1.229700,1.222750,1.224400,1.224400,1956
2018-04-06,1.225600,1.229700,1.222700,1.229200,1.229200,1917
2018-04-08,null,null,null,null,null,null
2018-04-09,1.228200,1.233450,1.227300,1.232700,1.232700,463
2018-04-10,1.233000,1.237600,1.231000,1.236550,1.236550,573
2018-04-11,1.236050,1.240000,1.235150,1.236700,1.236700,1268
2018-04-12,1.236950,1.237500,1.230850,1.233150,1.233150,1630
2018-04-13,1.233100,1.233800,1.231850,1.233300,1.233300,1512
2018-04-15,null,null,null,null,null,null
2018-04-16,1.234800,1.239250,1.234800,1.238750,1.238750,494
2018-04-17,1.240300,1.243150,1.236000,1.239050,1.239050,530
2018-04-18,1.239750,1.241850,1.236500,1.239950,1.239950,980
2018-04-19,1.239500,1.240850,1.235700,1.235700,1.235700,1698
2018-04-20,1.236450,1.237150,1.227150,1.230150,1.230150,2234
2018-04-22,null,null,null,null,null,null
2018-04-23,1.229950,1.230350,1.222000,1.222250,1.222250,4554
2018-04-24,1.222500,1.226200,1.220000,1.225400,1.225400,1652
2018-04-25,1.224750,1.224750,1.217750,1.219350,1.219350,601
2018-04-26,1.219000,1.222150,1.211450,1.211950,1.211950,817
2018-04-27,1.211800,1.214200,1.207000,1.213350,1.213350,3205
2018-04-29,null,null,null,null,null,null
2018-04-30,1.213200,1.214450,1.207800,1.209250,1.209250,2893
2018-05-01,1.208800,1.208800,1.199700,1.200550,1.200550,916
2018-05-02,1.200350,1.203600,1.194800,1.199550,1.199550,1914
2018-05-03,1.198400,1.201300,1.196450,1.200000,1.200000,4293
2018-05-04,1.199050,1.199600,1.192400,1.196950,1.196950,4701
2018-05-06,null,null,null,null,null,null
2018-05-07,1.197600,1.197600,1.190400,1.192950,1.192950,3311
2018-05-08,1.192950,1.193250,1.184500,1.186150,1.186150,675
2018-05-09,1.186500,1.189200,1.182750,1.186550,1.186550,3174
2018-05-10,1.186900,1.194550,1.185550,1.192750,1.192750,2906
2018-05-11,1.190900,1.196800,1.189300,1.194400,1.194400,8251
2018-05-13,null,null,null,null,null,null
2018-05-14,1.194400,1.199550,1.194400,1.198250,1.198250,1956
2018-05-15,1.195700,1.196600,1.184800,1.187550,1.187550,201921
2018-05-16,1.186700,1.188150,1.179000,1.182800,1.182800,331653
2018-05-17,1.183500,1.186200,1.180100,1.182250,1.182250,381691
2018-05-18,1.182000,1.184600,1.177250,1.179700,1.179700,283482
2018-05-20,null,null,null,null,null,null
2018-05-21,1.178900,1.181900,1.173950,1.179500,1.179500,257054
2018-05-22,1.181550,1.185200,1.177900,1.180000,1.180000,265071
2018-05-23,1.179800,1.181100,1.169600,1.171900,1.171900,291627
2018-05-24,1.171900,1.176800,1.170900,1.174550,1.174550,430841
2018-05-25,1.173800,1.175200,1.166300,1.167950,1.167950,308535
2018-05-27,null,null,null,null,null,null
2018-05-29,1.164200,1.165550,1.152600,1.154800,1.154800,363578
2018-05-30,1.155800,1.169150,1.153350,1.166800,1.166800,731721
2018-05-31,1.167950,1.173800,1.165300,1.170050,1.170050,504707
2018-06-01,1.170500,1.172950,1.162800,1.167500,1.167500,411583
2018-06-03,null,null,null,null,null,null
2018-06-04,1.167300,1.175550,1.167200,1.170900,1.170900,347073
2018-06-05,1.170600,1.174200,1.166250,1.172400,1.172400,250314
2018-06-06,1.172600,1.180500,1.172300,1.177750,1.177750,278736
2018-06-07,1.178500,1.184800,1.178150,1.181450,1.181450,328571
2018-06-08,1.180500,1.181700,1.173300,1.177650,1.177650,299866
2018-06-10,null,null,null,null,null,null
2018-06-11,1.177900,1.182650,1.177700,1.179300,1.179300,270952
2018-06-12,1.178600,1.181450,1.173750,1.175450,1.175450,228004
2018-06-13,1.174950,1.180550,1.172950,1.177750,1.177750,327959
2018-06-14,1.179600,1.185800,1.156400,1.159350,1.159350,457432
2018-06-15,1.157450,1.162750,1.154450,1.160750,1.160750,570616
2018-06-17,null,null,null,null,null,null
2018-06-18,1.159650,1.162300,1.156600,1.160000,1.160000,85077
2018-06-19,1.164450,1.166800,1.155550,1.159850,1.159850,976
2018-06-20,1.160700,1.161950,1.157450,1.160850,1.160850,1041
2018-06-21,1.159700,1.165350,1.153650,1.164300,1.164300,1368
2018-06-22,1.162950,1.169350,1.162550,1.168250,1.168250,1678
2018-06-24,null,null,null,null,null,null
2018-06-25,1.168700,1.172900,1.164800,1.172250,1.172250,1386
2018-06-26,1.172050,1.173900,1.165500,1.166800,1.166800,2670
2018-06-27,1.166500,1.168800,1.155900,1.157350,1.157350,1107
2018-06-28,1.157500,1.161000,1.154200,1.156900,1.156900,2625
2018-06-29,1.157500,1.170000,1.157500,1.168150,1.168150,1843
2018-07-01,null,null,null,null,null,null
2018-07-02,1.168100,1.168100,1.160300,1.162000,1.162000,4232
2018-07-03,null,null,null,null,null,null
2018-07-05,1.166600,1.172600,1.166400,1.168700,1.168700,0
2018-07-06,1.170150,1.176850,1.170000,1.175000,1.175000,2540
2018-07-08,null,null,null,null,null,null
2018-07-09,1.175350,1.179250,1.174900,1.175400,1.175400,1731
2018-07-10,1.176250,1.176250,1.169700,1.175000,1.175000,1251
2018-07-11,1.173200,1.176200,1.167400,1.167700,1.167700,2831
2018-07-12,1.167550,1.169000,1.165350,1.167250,1.167250,1600
2018-07-13,1.166450,1.168050,1.161800,1.167800,1.167800,690
2018-07-15,null,null,null,null,null,null
2018-07-16,1.168200,1.171950,1.168200,1.171650,1.171650,1642
2018-07-17,1.173450,1.176500,1.168000,1.168600,1.168600,288
2018-07-18,1.167450,1.168000,1.162500,1.166950,1.166950,334
2018-07-19,1.166300,1.169400,1.160000,1.166350,1.166350,598
2018-07-20,1.166300,1.175500,1.165500,1.174350,1.174350,1296
2018-07-22,null,null,null,null,null,null
2018-07-23,1.175750,1.177000,1.170500,1.170700,1.170700,902
2018-07-24,1.171050,1.173300,1.167200,1.170000,1.170000,140
2018-07-25,1.169800,1.175050,1.168750,1.171650,1.171650,432
2018-07-26,1.174200,1.175150,1.165800,1.165850,1.165850,1236
2018-07-27,1.166250,1.167150,1.163550,1.166950,1.166950,507
2018-07-29,null,null,null,null,null,null
2018-07-30,1.167050,1.172700,1.166600,1.172100,1.172100,107
2018-07-31,1.171700,1.175400,1.170450,1.170800,1.170800,685
2018-08-01,1.169450,1.170500,1.166750,1.167300,1.167300,1074
2018-08-02,1.167150,1.167300,1.159000,1.159400,1.159400,311
2018-08-03,1.159650,1.161250,1.157050,1.158450,1.158450,507
2018-08-05,null,null,null,null,null,null
2018-08-06,1.156850,1.157300,1.154000,1.156200,1.156200,797
2018-08-07,1.156250,1.161100,1.155700,1.159900,1.159900,929
2018-08-08,1.160400,1.162900,1.158700,1.162300,1.162300,1937
2018-08-09,1.161150,1.161600,1.152800,1.154400,1.154400,1311
2018-08-10,1.152300,1.153400,1.139700,1.140050,1.140050,2381
2018-08-12,null,null,null,null,null,null
2018-08-13,1.138800,1.142800,1.136550,1.142150,1.142150,3566
2018-08-14,1.143200,1.145700,1.135700,1.136600,1.136600,325193
2018-08-15,1.137100,1.138150,1.132750,1.137250,1.137250,263133
2018-08-16,1.136800,1.143300,1.135950,1.138950,1.138950,289694
2018-08-17,1.139650,1.146850,1.138950,1.146750,1.146750,305497
2018-08-19,null,null,null,null,null,null
2018-08-20,1.146100,1.150800,1.141650,1.149000,1.149000,251028
2018-08-21,1.151000,1.162400,1.150700,1.159450,1.159450,214346
2018-08-22,1.159400,1.164450,1.157400,1.160950,1.160950,317259
2018-08-23,1.161500,1.161900,1.154850,1.155550,1.155550,248075
2018-08-24,1.156050,1.165800,1.155250,1.164350,1.164350,222981
2018-08-26,null,null,null,null,null,null
2018-08-27,1.164300,1.171150,1.161200,1.169600,1.169600,240625
2018-08-28,1.169700,1.175050,1.167950,1.171100,1.171100,192624
2018-08-29,1.170800,1.172650,1.166800,1.171450,1.171450,232968
2018-08-30,1.172150,1.173150,1.165400,1.167700,1.167700,247248
2018-08-31,1.167800,1.170300,1.159650,1.160900,1.160900,246754
2018-09-02,null,null,null,null,null,null
2018-09-04,1.160900,1.163950,1.154050,1.159050,1.159050,266733
2018-09-05,1.159200,1.165050,1.155200,1.163350,1.163350,347935
2018-09-06,1.163950,1.166700,1.161300,1.163350,1.163350,300428
2018-09-07,1.163150,1.165600,1.155700,1.157150,1.157150,238352
2018-09-09,null,null,null,null,null,null
2018-09-10,1.155550,1.162250,1.153050,1.160250,1.160250,291942
2018-09-11,1.159950,1.164900,1.157050,1.159000,1.159000,218940
2018-09-12,1.160450,1.165400,1.157400,1.163650,1.163650,331638
2018-09-13,1.163200,1.170300,1.161050,1.169350,1.169350,345733
2018-09-14,1.169050,1.172250,1.162050,1.163350,1.163350,447496
2018-09-16,null,null,null,null,null,null
2018-09-17,1.162550,1.169400,1.161850,1.169150,1.169150,126923
2018-09-18,1.171050,1.174550,1.167750,1.169100,1.169100,2399
2018-09-19,1.170150,1.173500,1.167950,1.169700,1.169700,1297
2018-09-20,1.169450,1.180550,1.169450,1.179700,1.179700,2108
2018-09-21,1.180000,1.182100,1.175600,1.176750,1.176750,1936
2018-09-23,null,null,null,null,null,null
2018-09-24,1.176700,1.183200,1.174450,1.177800,1.177800,1976
2018-09-25,1.176800,1.181050,1.175400,1.178500,1.178500,2636
2018-09-26,1.178350,1.181100,1.174600,1.177850,1.177850,13867
2018-09-27,1.176550,1.176550,1.165550,1.167200,1.167200,1554
2018-09-28,1.165400,1.166100,1.158500,1.162400,1.162400,1713
2018-09-30,null,null,null,null,null,null
2018-10-01,1.161800,1.163600,1.157650,1.158700,1.158700,1332
2018-10-02,1.158700,1.159100,1.151700,1.155550,1.155550,784
2018-10-03,1.155900,1.160050,1.148650,1.152750,1.152750,7122
2018-10-04,1.148750,1.154400,1.147050,1.152200,1.152200,1172
2018-10-05,1.152150,1.155650,1.149250,1.153250,1.153250,4179
2018-10-07,null,null,null,null,null,null
2018-10-08,1.153100,1.153150,1.146800,1.149500,1.149500,1169
2018-10-09,1.149800,1.150400,1.143750,1.150300,1.150300,908
2018-10-10,1.151800,1.154750,1.148950,1.152950,1.152950,1678
2018-10-11,1.154200,1.160000,1.154000,1.159600,1.159600,4966
2018-10-12,1.159400,1.160400,1.154400,1.156450,1.156450,14753
2018-10-14,null,null,null,null,null,null
2018-10-15,1.154900,1.159000,1.154850,1.159000,1.159000,2947
2018-10-16,1.161600,1.165250,1.159950,1.160850,1.160850,1922
2018-10-17,1.160200,1.161000,1.152700,1.153600,1.153600,2714
2018-10-18,1.152500,1.155000,1.147800,1.149200,1.149200,11039
2018-10-19,1.148050,1.156000,1.146200,1.153600,1.153600,3021
2018-10-21,null,null,null,null,null,null
2018-10-22,1.154050,1.157200,1.148350,1.149200,1.149200,2157
2018-10-23,1.149100,1.151600,1.146800,1.149200,1.149200,1428
2018-10-24,1.149450,1.149750,1.140500,1.141100,1.141100,2838
2018-10-25,1.141750,1.145200,1.138000,1.138300,1.138300,2256
2018-10-26,1.139250,1.144050,1.135800,1.142950,1.142950,3794
2018-10-28,null,null,null,null,null,null
2018-10-29,1.141900,1.143250,1.138400,1.140950,1.140950,2072
2018-10-30,1.139200,1.140400,1.136000,1.136000,1.136000,1325
2018-10-31,1.136250,1.137200,1.132200,1.133100,1.133100,705
2018-11-01,1.132800,1.143700,1.132800,1.142250,1.142250,1012
2018-11-02,1.141450,1.146750,1.138950,1.139800,1.139800,2735
2018-11-04,null,null,null,null,null,null
2018-11-05,1.141100,1.143100,1.136900,1.143100,1.143100,2848
2018-11-06,1.141900,1.144500,1.140700,1.142400,1.142400,1822
2018-11-07,1.145100,1.151800,1.141100,1.146550,1.146550,2670
2018-11-08,1.143600,1.144800,1.136350,1.136350,1.136350,1677
2018-11-09,1.137200,1.137300,1.133200,1.134250,1.134250,1306
2018-11-11,null,null,null,null,null,null
2018-11-12,1.132400,1.133600,1.123000,1.124650,1.124650,851
2018-11-13,1.124050,1.128550,1.123450,1.127350,1.127350,622
2018-11-14,1.130200,1.134200,1.127000,1.134200,1.134200,1602
2018-11-15,1.131700,1.135250,1.129500,1.135250,1.135250,2605
2018-11-16,1.132500,1.141700,1.132500,1.141350,1.141350,3015
2018-11-18,null,null,null,null,null,null
2018-11-19,1.140800,1.144750,1.140800,1.144750,1.144750,1053
2018-11-20,1.147450,1.149500,1.138100,1.139050,1.139050,145884
2018-11-21,1.139100,1.144750,1.138850,1.141100,1.141100,197119
2018-11-23,null,null,null,null,null,null
2018-11-25,null,null,null,null,null,null
2018-11-26,1.135500,1.140250,1.134200,1.134700,1.134700,203792
2018-11-27,1.134850,1.136100,1.129450,1.131200,1.131200,147894
2018-11-28,1.131200,1.140550,1.128300,1.139200,1.139200,200671
2018-11-29,1.138200,1.141550,1.136250,1.140400,1.140400,242326
2018-11-30,1.140250,1.141350,1.131800,1.132200,1.132200,220747
2018-12-02,null,null,null,null,null,null
2018-12-03,1.134650,1.139150,1.133100,1.135450,1.135450,202672
2018-12-04,1.136650,1.143050,1.132900,1.135300,1.135300,196671
2018-12-06,1.135400,1.142000,1.132850,1.138100,1.138100,130235
2018-12-07,1.138450,1.143100,1.136700,1.142950,1.142950,252497
2018-12-09,null,null,null,null,null,null
2018-12-10,1.140700,1.144900,1.135600,1.135850,1.135850,224989
2018-12-11,1.135700,1.140550,1.131100,1.133200,1.133200,317374
2018-12-12,1.132500,1.139200,1.131900,1.137150,1.137150,363418
2018-12-13,1.137500,1.139600,1.133250,1.136750,1.136750,342016
2018-12-14,1.135900,1.136600,1.127000,1.130450,1.130450,348196
2018-12-16,null,null,null,null,null,null
2018-12-17,1.130400,1.135400,1.130300,1.134200,1.134200,139597
2018-12-18,1.137950,1.143300,1.137150,1.138600,1.138600,1454
2018-12-19,1.140450,1.147150,1.139650,1.140250,1.140250,5912
2018-12-20,1.141400,1.151250,1.140500,1.149650,1.149650,3195
2018-12-21,1.147400,1.149350,1.137950,1.139150,1.139150,742
2018-12-23,null,null,null,null,null,null
2018-12-24,null,null,null,null,null,null
2018-12-26,1.143400,1.143650,1.136600,1.137250,1.137250,309
2018-12-27,1.138350,1.146900,1.138350,1.146550,1.146550,1023
2018-12-28,1.144750,1.148300,1.144450,1.145400,1.145400,1910
2018-12-30,null,null,null,null,null,null
2018-12-31,1.145300,1.147650,1.143800,1.146100,1.146100,992
2019-01-02,1.147600,1.150500,1.133900,1.135400,1.135400,137
2019-01-03,1.135800,1.141000,1.132250,1.140000,1.140000,3079
2019-01-04,1.140150,1.142600,1.135550,1.140650,1.140650,1483
2019-01-06,null,null,null,null,null,null
2019-01-07,1.141500,1.148750,1.141500,1.148550,1.148550,1302
2019-01-08,1.148600,1.149050,1.143000,1.144750,1.144750,2140
2019-01-09,1.146650,1.155900,1.145500,1.154900,1.154900,2116
2019-01-10,1.155200,1.157050,1.150000,1.150150,1.150150,1423
2019-01-11,1.149900,1.153100,1.146500,1.146650,1.146650,967
2019-01-13,null,null,null,null,null,null
2019-01-14,1.146650,1.147400,1.145800,1.146750,1.146750,1844
2019-01-15,1.151750,1.151750,1.141800,1.143350,1.143350,801
2019-01-16,1.144050,1.145150,1.141150,1.142950,1.142950,928
2019-01-17,1.142600,1.142800,1.139850,1.141800,1.141800,280
2019-01-18,1.142150,1.143650,1.138400,1.139800,1.139800,1355
2019-01-20,null,null,null,null,null,null
2019-01-22,1.139300,1.141300,1.137000,1.138800,1.138800,606
2019-01-23,1.138800,1.141850,1.137600,1.140850,1.140850,1123
2019-01-24,1.139800,1.140200,1.131700,1.132150,1.132150,2114
2019-01-25,1.132400,1.143700,1.132400,1.143550,1.143550,1419
2019-01-27,null,null,null,null,null,null
2019-01-28,1.142800,1.145650,1.141500,1.144900,1.144900,1145
2019-01-29,1.144400,1.146800,1.143350,1.144800,1.144800,696
2019-01-30,1.145800,1.151050,1.142650,1.151050,1.151050,1635
2019-01-31,1.150000,1.152400,1.145800,1.145950,1.145950,2030
2019-02-01,1.146100,1.149900,1.145200,1.147450,1.147450,2225
2019-02-03,null,null,null,null,null,null
2019-02-04,1.146000,1.146450,1.144000,1.144500,1.144500,2039
2019-02-05,1.143700,1.144200,1.141900,1.142150,1.142150,511
2019-02-06,1.141400,1.141400,1.137200,1.137550,1.137550,2551
2019-02-07,1.137500,1.137700,1.133300,1.135900,1.135900,1585
2019-02-08,1.134800,1.135800,1.133000,1.133000,1.133000,1855
2019-02-10,null,null,null,null,null,null
2019-02-11,1.133200,1.133200,1.127900,1.128250,1.128250,2279
2019-02-12,1.128200,1.133750,1.126350,1.133750,1.133750,1995
2019-02-13,1.134200,1.134250,1.126850,1.127500,1.127500,2775
2019-02-14,1.127300,1.130300,1.126500,1.130200,1.130200,472
2019-02-15,1.127550,1.127750,1.123750,1.127150,1.127150,3455
2019-02-17,null,null,null,null,null,null
2019-02-19,1.131850,1.138350,1.130050,1.136550,1.136550,181232
2019-02-20,1.136250,1.139650,1.134900,1.137500,1.137500,282210
2019-02-21,1.136350,1.138800,1.134050,1.135750,1.135750,175231
2019-02-22,1.135500,1.137700,1.133600,1.135900,1.135900,198651
2019-02-24,null,null,null,null,null,null
2019-02-25,1.135500,1.138750,1.135450,1.138450,1.138450,141185
2019-02-26,1.137700,1.142150,1.136350,1.141550,1.141550,118394
2019-02-27,1.141100,1.142150,1.138000,1.138800,1.138800,187286
2019-02-28,1.138650,1.143650,1.137450,1.139350,1.139350,141669
2019-03-01,1.138650,1.142300,1.136700,1.137150,1.137150,201724
2019-03-03,null,null,null,null,null,null
2019-03-04,1.138800,1.139350,1.132100,1.134350,1.134350,157333
2019-03-05,1.134900,1.135100,1.130150,1.131450,1.131450,156233
2019-03-06,1.131250,1.133550,1.129600,1.131800,1.131800,158626
2019-03-07,1.131500,1.132850,1.118450,1.119100,1.119100,149341
2019-03-08,1.120150,1.125350,1.119250,1.125000,1.125000,365760
2019-03-10,null,null,null,null,null,null
2019-03-11,1.124300,1.126450,1.122800,1.124600,1.124600,240958
2019-03-12,1.125300,1.131100,1.125250,1.130200,1.130200,233454
2019-03-13,1.129400,1.134300,1.128200,1.133450,1.133450,336634
2019-03-14,1.133150,1.133950,1.129550,1.130200,1.130200,330049
2019-03-15,1.130600,1.134550,1.130100,1.132150,1.132150,285176
2019-03-17,null,null,null,null,null,null
2019-03-18,1.132200,1.135850,1.131950,1.134350,1.134350,83543
2019-03-19,1.136300,1.138650,1.136200,1.137900,1.137900,5101
2019-03-20,1.137050,1.147200,1.136100,1.147150,1.147150,612
2019-03-21,1.145200,1.145550,1.136650,1.137550,1.137550,403
2019-03-22,1.139500,1.141150,1.129650,1.131550,1.131550,1228
2019-03-24,null,null,null,null,null,null
2019-03-25,1.131800,1.135050,1.131750,1.133250,1.133250,2258
2019-03-26,1.133550,1.134500,1.128600,1.129850,1.129850,2634
2019-03-27,1.129000,1.130250,1.126300,1.128300,1.128300,627
2019-03-28,1.126850,1.127500,1.123000,1.124100,1.124100,1258
2019-03-29,1.124150,1.126050,1.122800,1.122900,1.122900,762
2019-03-31,null,null,null,null,null,null
2019-04-01,1.124200,1.126300,1.121750,1.122550,1.122550,374
2019-04-02,1.121500,1.122500,1.119600,1.121000,1.121000,458
2019-04-03,1.122050,1.126600,1.122050,1.125050,1.125050,343
2019-04-04,1.124850,1.125400,1.121800,1.122850,1.122850,3171
2019-04-05,1.123000,1.126000,1.122400,1.122500,1.122500,955
2019-04-07,null,null,null,null,null,null
2019-04-08,1.122400,1.128000,1.122400,1.126850,1.126850,2960
2019-04-09,1.126150,1.128750,1.126150,1.127250,1.127250,657
2019-04-10,1.127050,1.129200,1.124100,1.127600,1.127600,2587
2019-04-11,1.128150,1.128800,1.125700,1.125750,1.125750,313
2019-04-12,1.128800,1.132400,1.128500,1.129700,1.129700,506
2019-04-14,null,null,null,null,null,null
2019-04-15,1.130400,1.131800,1.130250,1.130600,1.130600,1404
2019-04-16,1.132800,1.133950,1.130550,1.131400,1.131400,616
2019-04-17,1.130800,1.134350,1.130050,1.132050,1.132050,671
2019-04-18,1.131500,1.132150,1.124850,1.125000,1.125000,415
2019-04-21,null,null,null,null,null,null
2019-04-22,1.126000,1.128050,1.125700,1.127900,1.127900,1022
2019-04-23,1.126550,1.128000,1.121100,1.123450,1.123450,826
2019-04-24,1.123750,1.124000,1.116000,1.116000,1.116000,1004
2019-04-25,1.116250,1.117150,1.113750,1.114350,1.114350,624
2019-04-26,1.115150,1.118650,1.112500,1.116800,1.116800,790
2019-04-28,null,null,null,null,null,null
2019-04-29,1.116250,1.119600,1.116250,1.119600,1.119600,649
2019-04-30,1.119450,1.123900,1.119200,1.123300,1.123300,491
2019-05-01,1.122300,1.127550,1.120600,1.120650,1.120650,549
2019-05-02,1.121000,1.122350,1.118000,1.118250,1.118250,826
2019-05-03,1.118500,1.121000,1.114800,1.120200,1.120200,439
2019-05-05,null,null,null,null,null,null
2019-05-06,1.118800,1.121250,1.118800,1.121050,1.121050,493
2019-05-07,1.121700,1.121700,1.117850,1.118750,1.118750,380
2019-05-08,1.120900,1.121600,1.119050,1.119650,1.119650,792
2019-05-09,1.120000,1.125000,1.117950,1.122650,1.122650,502
2019-05-10,1.122900,1.125300,1.122650,1.123250,1.123250,1046
2019-05-12,null,null,null,null,null,null
2019-05-13,1.123450,1.125500,1.123450,1.125500,1.125500,925
2019-05-14,1.125650,1.127550,1.123300,1.123900,1.123900,160360
2019-05-15,1.123900,1.125550,1.120800,1.123450,1.123450,161357
2019-05-16,1.123400,1.125200,1.119400,1.119800,1.119800,177617
2019-05-17,1.120350,1.121100,1.118200,1.118650,1.118650,139482
2019-05-19,null,null,null,null,null,null
2019-05-20,1.118500,1.120100,1.117650,1.119350,1.119350,142331
2019-05-21,1.119200,1.121400,1.116650,1.118300,1.118300,107746
2019-05-22,1.118550,1.120500,1.117250,1.118400,1.118400,171890
2019-05-23,1.117400,1.120850,1.112650,1.120350,1.120350,126258
2019-05-24,1.120250,1.123300,1.119750,1.122600,1.122600,240487
2019-05-26,null,null,null,null,null,null
2019-05-28,1.122800,1.123450,1.117700,1.118350,1.118350,151706
2019-05-29,1.118300,1.119000,1.114150,1.115100,1.115100,206639
2019-05-30,1.114950,1.115800,1.113050,1.114950,1.114950,183465
2019-05-31,1.114450,1.119400,1.113900,1.118700,1.118700,126119
2019-06-02,null,null,null,null,null,null
2019-06-03,1.118050,1.127550,1.117350,1.127100,1.127100,258132
2019-06-04,1.125600,1.128950,1.123800,1.127100,1.127100,237367
2019-06-05,1.126450,1.131800,1.123050,1.123750,1.123750,259080
2019-06-06,1.123400,1.131800,1.120750,1.128100,1.128100,268165
2019-06-07,1.128450,1.135500,1.125850,1.134650,1.134650,290766
2019-06-09,null,null,null,null,null,null
2019-06-10,1.133500,1.133950,1.129650,1.132200,1.132200,252288
2019-06-11,1.131850,1.134300,1.130700,1.133800,1.133800,189337
2019-06-12,1.133200,1.134800,1.128700,1.129100,1.129100,307807
2019-06-13,1.129350,1.130550,1.127050,1.128050,1.128050,436690
2019-06-14,1.127750,1.129000,1.120400,1.120850,1.120850,251284
2019-06-16,null,null,null,null,null,null
2019-06-17,1.121250,1.124750,1.120450,1.123900,1.123900,98074
2019-06-18,1.125150,1.126800,1.120750,1.121950,1.121950,1264
2019-06-19,1.121950,1.127350,1.121400,1.127100,1.127100,1254
2019-06-20,1.125850,1.133750,1.125850,1.131500,1.131500,1686
2019-06-21,1.131600,1.139800,1.130750,1.138950,1.138950,1547
2019-06-23,null,null,null,null,null,null
2019-06-24,1.139500,1.142100,1.139300,1.142100,1.142100,1920
2019-06-25,1.142850,1.143050,1.136550,1.139300,1.139300,2077
2019-06-26,1.137550,1.140900,1.136900,1.138750,1.138750,2405
2019-06-27,1.138600,1.139250,1.136550,1.138750,1.138750,1276
2019-06-28,1.137850,1.140500,1.136800,1.139100,1.139100,1185
2019-06-30,null,null,null,null,null,null
2019-07-01,1.136600,1.136900,1.129600,1.129800,1.129800,1671
2019-07-02,1.129700,1.133150,1.128800,1.130250,1.130250,1839
2019-07-03,null,null,null,null,null,null
2019-07-05,1.129450,1.129550,1.121550,1.122950,1.122950,2176
2019-07-07,null,null,null,null,null,null
2019-07-08,1.123500,1.124050,1.121700,1.121950,1.121950,2834
2019-07-09,1.122150,1.122200,1.120200,1.121400,1.121400,532
2019-07-10,1.121200,1.125850,1.121200,1.125750,1.125750,304
2019-07-11,1.127000,1.128700,1.125500,1.126000,1.126000,2253
2019-07-12,1.126450,1.127500,1.124750,1.127300,1.127300,655
2019-07-14,null,null,null,null,null,null
2019-07-15,1.127050,1.128150,1.126400,1.126650,1.126650,815
2019-07-16,1.128950,1.129300,1.123450,1.123800,1.123800,739
2019-07-17,1.124000,1.126200,1.123150,1.125300,1.125300,774
2019-07-18,1.125600,1.130500,1.123300,1.129550,1.129550,495
2019-07-19,1.130700,1.130750,1.123000,1.124600,1.124600,1978
2019-07-21,null,null,null,null,null,null
2019-07-22,1.124250,1.124650,1.123150,1.123650,1.123650,1206
2019-07-23,1.123200,1.123200,1.117150,1.117400,1.117400,241
2019-07-24,1.117500,1.117550,1.115150,1.115850,1.115850,682
2019-07-25,1.115650,1.120300,1.112500,1.116500,1.116500,599
2019-07-26,1.116550,1.116550,1.113450,1.114550,1.114550,568
2019-07-28,null,null,null,null,null,null
2019-07-29,1.115050,1.116550,1.113500,1.116550,1.116550,651
2019-07-30,1.116400,1.117450,1.115650,1.117450,1.117450,413
2019-07-31,1.117000,1.117750,1.107800,1.110300,1.110300,337
2019-08-01,1.109250,1.109850,1.104400,1.109850,1.109850,830
2019-08-02,1.109150,1.112400,1.108500,1.112400,1.112400,658
2019-08-04,null,null,null,null,null,null
2019-08-05,1.113200,1.122350,1.112550,1.121450,1.121450,848
2019-08-06,1.122500,1.126000,1.118200,1.121200,1.121200,499
2019-08-07,1.122450,1.124700,1.119300,1.122500,1.122500,319
2019-08-08,1.121000,1.123500,1.118650,1.119350,1.119350,243
2019-08-09,1.119350,1.122650,1.119050,1.121350,1.121350,492
2019-08-11,null,null,null,null,null,null
2019-08-12,1.121100,1.123450,1.117000,1.122700,1.122700,401
2019-08-13,1.121650,1.123300,1.118000,1.118000,1.118000,328
2019-08-14,1.118100,1.118950,1.113800,1.114300,1.114300,197
2019-08-15,1.114350,1.115400,1.109700,1.110900,1.110900,230
2019-08-16,1.110150,1.110650,1.106950,1.109850,1.109850,871
2019-08-18,null,null,null,null,null,null
2019-08-19,1.108800,1.111350,1.108800,1.110300,1.110300,847
2019-08-20,1.110000,1.112950,1.108800,1.111950,1.111950,112292
2019-08-21,1.111800,1.112900,1.110150,1.110750,1.110750,130817
2019-08-22,1.110850,1.113300,1.108250,1.110500,1.110500,107256
2019-08-23,1.109750,1.117250,1.107000,1.116500,1.116500,202399
2019-08-25,null,null,null,null,null,null
2019-08-26,1.116600,1.118250,1.111250,1.111600,1.111600,215588
2019-08-27,1.111800,1.113300,1.110300,1.111000,1.111000,135087
2019-08-28,1.110700,1.111400,1.108900,1.109550,1.109550,121813
2019-08-29,1.109400,1.110650,1.105450,1.106500,1.106500,132449
2019-08-30,1.106900,1.107250,1.097550,1.098950,1.098950,186886
2019-09-01,null,null,null,null,null,null
2019-09-03,1.100150,1.100900,1.093600,1.097800,1.097800,214473
2019-09-04,1.097900,1.104850,1.097800,1.104200,1.104200,296655
2019-09-05,1.104450,1.109250,1.102350,1.104300,1.104300,219746
2019-09-06,1.104250,1.106350,1.102650,1.103700,1.103700,225438
2019-09-08,null,null,null,null,null,null
2019-09-09,1.103250,1.107350,1.102100,1.105800,1.105800,197420
2019-09-10,1.105400,1.106450,1.103550,1.105200,1.105200,183127
2019-09-11,1.105200,1.105950,1.098950,1.101150,1.101150,306069
2019-09-12,1.101100,1.108950,1.092800,1.107550,1.107550,319817
2019-09-13,1.106600,1.111100,1.105650,1.106850,1.106850,586075
2019-09-15,null,null,null,null,null,null
2019-09-16,1.107500,1.108500,1.100350,1.100750,1.100750,148316
2019-09-17,1.102800,1.109950,1.102000,1.109000,1.109000,938
2019-09-18,1.109700,1.109700,1.103650,1.105350,1.105350,1949
2019-09-19,1.105000,1.109250,1.104700,1.107400,1.107400,1443
2019-09-20,1.106550,1.108250,1.101800,1.103400,1.103400,763
2019-09-22,null,null,null,null,null,null
2019-09-23,1.103800,1.104150,1.098450,1.101400,1.101400,2245
2019-09-24,1.100700,1.104200,1.100250,1.103550,1.103550,396
2019-09-25,1.103000,1.103000,1.095350,1.095800,1.095800,594
2019-09-26,1.096800,1.097900,1.092400,1.094250,1.094250,540
2019-09-27,1.093000,1.096750,1.091900,1.095200,1.095200,658
2019-09-29,null,null,null,null,null,null
2019-09-30,1.095350,1.095750,1.089750,1.091350,1.091350,301
2019-10-01,1.090600,1.095250,1.089100,1.094700,1.094700,160
2019-10-02,1.094750,1.097150,1.091600,1.096850,1.096850,242
2019-10-03,1.096650,1.100650,1.094900,1.098100,1.098100,532
2019-10-04,1.098300,1.100500,1.096650,1.098900,1.098900,337
2019-10-06,null,null,null,null,null,null
2019-10-07,1.099500,1.100000,1.096950,1.097900,1.097900,452
2019-10-08,1.096950,1.099900,1.095200,1.096100,1.096100,186
2019-10-09,1.096600,1.099450,1.096450,1.097750,1.097750,474
2019-10-10,1.098400,1.102900,1.098200,1.100800,1.100800,1333
2019-10-11,1.101400,1.105800,1.100400,1.104750,1.104750,346
2019-10-13,null,null,null,null,null,null
2019-10-14,null,null,null,null,null,null
2019-10-15,1.106950,1.106950,1.101800,1.106100,1.106100,132
2019-10-16,1.105150,1.111000,1.105050,1.109850,1.109850,258
2019-10-17,1.109700,1.115400,1.108750,1.114650,1.114650,514
2019-10-18,1.114550,1.118650,1.114550,1.118400,1.118400,903
2019-10-20,null,null,null,null,null,null
2019-10-21,1.118000,1.120100,1.116200,1.116800,1.116800,184
2019-10-22,1.117200,1.117500,1.114400,1.114450,1.114450,68
2019-10-23,1.114500,1.115150,1.113150,1.114800,1.114800,1047
2019-10-24,1.114750,1.117650,1.111050,1.112650,1.112650,90
2019-10-25,1.112600,1.113500,1.109000,1.109700,1.109700,76
2019-10-27,null,null,null,null,null,null
2019-10-28,1.110300,1.111950,1.110250,1.111350,1.111350,106
2019-10-29,1.111450,1.113250,1.109100,1.112500,1.112500,640
2019-10-30,1.112800,1.116450,1.111650,1.113950,1.113950,1077
2019-10-31,1.117400,1.118650,1.115150,1.115650,1.115650,572
2019-11-01,1.116800,1.118100,1.114000,1.117450,1.117450,77
2019-11-03,null,null,null,null,null,null
2019-11-04,1.117650,1.118350,1.113750,1.113750,1.113750,60
2019-11-05,1.113750,1.114300,1.107300,1.107400,1.107400,330
2019-11-06,1.107600,1.109500,1.107400,1.107700,1.107700,165
2019-11-07,1.107400,1.109650,1.104300,1.105300,1.105300,162
2019-11-08,1.105400,1.105900,1.102500,1.102900,1.102900,533
2019-11-10,null,null,null,null,null,null
2019-11-11,1.103650,1.104700,1.103300,1.103850,1.103850,699
2019-11-12,1.103500,1.104100,1.101150,1.101550,1.101550,119
2019-11-13,1.101450,1.102000,1.100050,1.100500,1.100500,387
2019-11-14,1.100450,1.102350,1.099200,1.102350,1.102350,149
2019-11-15,1.102500,1.105500,1.101800,1.105350,1.105350,348
2019-11-17,null,null,null,null,null,null
2019-11-18,1.106200,1.106650,1.106100,1.106650,1.106650,928
2019-11-19,1.109000,1.110200,1.108100,1.109650,1.109650,134057
2019-11-20,1.109450,1.109900,1.107050,1.108700,1.108700,112903
2019-11-21,1.109150,1.111300,1.106700,1.107450,1.107450,157999
2019-11-22,1.107600,1.111150,1.102900,1.103550,1.103550,147805
2019-11-24,null,null,null,null,null,null
2019-11-25,1.103550,1.104700,1.101750,1.102350,1.102350,166247
2019-11-26,1.102650,1.103850,1.102000,1.103450,1.103450,136427
2019-11-27,1.103500,1.103700,1.100450,1.101750,1.101750,110868
2019-11-29,null,null,null,null,null,null
2019-12-01,null,null,null,null,null,null
2019-12-02,1.102950,1.110000,1.101200,1.108850,1.108850,193646
2019-12-03,1.108650,1.110300,1.107450,1.108950,1.108950,251056
2019-12-04,1.108950,1.112400,1.107450,1.108250,1.108250,177238
2019-12-05,1.108300,1.111400,1.108300,1.110600,1.110600,266105
2019-12-06,1.110950,1.111500,1.104450,1.106100,1.106100,199336
2019-12-08,null,null,null,null,null,null
2019-12-09,1.106300,1.108300,1.105800,1.106900,1.106900,240326
2019-12-10,1.106800,1.110200,1.106700,1.110050,1.110050,197297
2019-12-11,1.109600,1.114850,1.107350,1.114150,1.114150,304698
2019-12-12,1.113450,1.115600,1.110400,1.111500,1.111500,560754
2019-12-13,1.118050,1.119450,1.111250,1.112200,1.112200,378344
2019-12-15,null,null,null,null,null,null
2019-12-16,1.112800,1.115450,1.112300,1.115300,1.115300,106491
2019-12-17,1.116050,1.119800,1.115550,1.117150,1.117150,1084
2019-12-18,1.116300,1.116400,1.113600,1.113900,1.113900,728
2019-12-19,1.115250,1.116400,1.113300,1.114450,1.114450,606
2019-12-20,1.113500,1.113900,1.108800,1.109600,1.109600,693
2019-12-22,1.114050,1.114300,1.113900,1.114300,1.114300,27860
2019-12-23,1.108000,1.111250,1.108000,1.111250,1.111250,732
2019-12-24,null,null,null,null,null,null
2019-12-26,1.110950,1.112500,1.110500,1.112150,1.112150,59
2019-12-27,1.112150,1.120000,1.112050,1.120000,1.120000,646
2019-12-29,1.123750,1.123800,1.123400,1.123550,1.123550,81034
2019-12-30,1.120000,1.122950,1.119550,1.121250,1.121250,802
2019-12-31,1.121550,1.124650,1.120750,1.123750,1.123750,3256
2020-01-02,1.121300,1.122000,1.117050,1.117350,1.117350,337
2020-01-03,1.117400,1.118500,1.113200,1.117300,1.117300,714
2020-01-05,1.120850,1.121650,1.120800,1.120900,1.120900,116577
2020-01-06,1.116600,1.121000,1.116600,1.119650,1.119650,660
2020-01-07,1.119600,1.119600,1.113800,1.114850,1.114850,289
2020-01-08,1.116900,1.116900,1.111300,1.111450,1.111450,1850
2020-01-09,1.110650,1.112550,1.109400,1.110800,1.110800,850
2020-01-10,1.110700,1.112250,1.108800,1.112250,1.112250,1296
2020-01-12,1.116150,1.116200,1.115800,1.116000,1.116000,53538
2020-01-13,1.112750,1.113250,1.111850,1.112500,1.112500,1115
2020-01-14,1.116300,1.116600,1.112950,1.115200,1.115200,10583
2020-01-15,1.115250,1.118550,1.114350,1.117300,1.117300,672
2020-01-16,1.117550,1.118850,1.114800,1.115500,1.115500,345
2020-01-17,1.115900,1.115900,1.110850,1.111350,1.111350,202
2020-01-19,1.112900,1.113250,1.112700,1.113250,1.113250,46493
2020-01-21,1.111500,1.113550,1.110000,1.111350,1.111350,153
2020-01-22,1.109550,1.111600,1.109100,1.111050,1.111050,258
2020-01-23,1.111100,1.112400,1.105250,1.107000,1.107000,8156
2020-01-24,1.106650,1.106850,1.103500,1.104450,1.104450,3645
2020-01-26,1.106250,1.106750,1.105750,1.105800,1.105800,163951
2020-01-27,1.104600,1.104850,1.102650,1.103000,1.103000,420
2020-01-28,1.103650,1.103650,1.101550,1.103000,1.103000,50
2020-01-29,1.103650,1.103900,1.100900,1.103200,1.103200,370
2020-01-30,1.102750,1.104500,1.102150,1.104000,1.104000,166
2020-01-31,1.103400,1.110000,1.103050,1.109950,1.109950,190
2020-02-02,1.111650,1.112000,1.111400,1.111800,1.111800,103195
2020-02-03,1.109800,1.109800,1.105500,1.107350,1.107350,461
2020-02-04,1.106950,1.106950,1.104300,1.105100,1.105100,1010
2020-02-05,1.104550,1.104900,1.100450,1.100450,1.100450,231
2020-02-06,1.100500,1.101300,1.097100,1.098300,1.098300,189
2020-02-07,1.098900,1.098900,1.094900,1.095150,1.095150,1089
2020-02-09,1.096800,1.097350,1.096600,1.097300,1.097300,63385
2020-02-10,1.095700,1.095900,1.091250,1.091900,1.091900,278
2020-02-11,1.091350,1.092600,1.089600,1.092600,1.092600,256
2020-02-12,1.091750,1.092600,1.086950,1.087000,1.087000,389
2020-02-13,1.087100,1.088650,1.083850,1.084400,1.084400,1765
2020-02-14,1.084050,1.086000,1.084050,1.084800,1.084800,612
2020-02-16,1.085700,1.086000,1.085300,1.085900,1.085900,58475
2020-02-18,1.085700,1.086950,1.080250,1.081150,1.081150,163585
2020-02-19,1.081000,1.082900,1.079900,1.081350,1.081350,313856
2020-02-20,1.082200,1.083650,1.079300,1.080450,1.080450,180548
2020-02-21,1.079800,1.087850,1.079750,1.087200,1.087200,232080
2020-02-23,1.084500,1.085600,1.084200,1.085150,1.085150,173870
2020-02-24,1.084500,1.088700,1.081900,1.085650,1.085650,259525
2020-02-25,1.086700,1.090350,1.084300,1.089400,1.089400,255787
2020-02-26,1.089450,1.092150,1.086750,1.091150,1.091150,265324
2020-02-27,null,null,null,null,null,null
2020-02-28,null,null,null,null,null,null
2020-03-01,null,null,null,null,null,null
2020-03-02,null,null,null,null,null,null
2020-03-03,null,null,null,null,null,null
2020-03-04,null,null,null,null,null,null
2020-03-05,null,null,null,null,null,null
2020-03-06,null,null,null,null,null,null
2020-03-08,null,null,null,null,null,null
2020-03-09,null,null,null,null,null,null
2020-03-10,null,null,null,null,null,null
2020-03-11,null,null,null,null,null,null
2020-03-12,null,null,null,null,null,null
2020-03-13,null,null,null,null,null,null
2020-03-15,null,null,null,null,null,null
2020-03-16,null,null,null,null,null,null
2020-03-17,null,null,null,null,null,null
2020-03-18,null,null,null,null,null,null
2020-03-19,null,null,null,null,null,null
2020-03-20,1.068400,1.068400,1.068400,1.068400,1.068400,0
2020-03-22,1.073150,1.073900,1.067100,1.072900,1.072900,566961
2020-03-23,1.075150,1.087100,1.070750,1.080650,1.080650,116076572
2020-03-24,1.084200,1.093150,1.078750,1.085150,1.085150,104444822
2020-03-25,1.084700,1.093450,1.082450,1.092650,1.092650,83536296
2020-03-26,1.095250,1.109600,1.093350,1.108250,1.108250,94113142
2020-03-27,1.111550,1.118750,1.099150,1.118150,1.118150,93402393
2020-03-29,1.116500,1.118050,1.114450,1.118000,1.118000,249338
2020-03-30,1.111800,1.114500,1.104650,1.106500,1.106500,78804553
2020-03-31,1.105950,1.106950,1.095900,1.106100,1.106100,99556050
2020-04-01,1.104950,1.106350,1.093100,1.097700,1.097700,82354488
2020-04-02,1.096500,1.099050,1.084400,1.086750,1.086750,78444176
2020-04-03,1.086850,1.087400,1.079550,1.083450,1.083450,71815036
2020-04-05,null,null,null,null,null,null
2020-04-06,1.083650,1.085700,1.079200,1.082350,1.082350,68095915
2020-04-07,null,null,null,null,null,null
2020-04-08,1.088250,1.091050,1.085100,1.088250,1.088250,74695519
2020-04-09,1.088700,1.097150,1.086150,1.094850,1.094850,83487137
2020-04-12,1.095650,1.096350,1.095050,1.095050,1.095050,181340
2020-04-13,1.095300,1.098650,1.091200,1.094300,1.094300,39543931
2020-04-14,1.096600,1.100700,1.093300,1.100200,1.100200,63382866
2020-04-15,1.099350,1.099350,1.087250,1.091900,1.091900,71497209
2020-04-16,1.088950,1.092100,1.083200,1.087550,1.087550,72136055
2020-04-17,1.088250,1.090950,1.082700,1.089100,1.089100,70658671
2020-04-19,1.088350,1.088600,1.088000,1.088250,1.088250,110985
2020-04-20,1.087600,1.091200,1.085550,1.087900,1.087900,55463973
2020-04-21,1.085100,1.089550,1.083050,1.087100,1.087100,71016455
2020-04-22,1.086400,1.089900,1.081600,1.081800,1.081800,60548084
2020-04-23,1.082150,1.085950,1.076800,1.079000,1.079000,83275506
2020-04-24,1.078300,1.084250,1.073900,1.083800,1.083800,69015402
2020-04-26,1.083150,1.083350,1.082700,1.082850,1.082850,110009
2020-04-27,1.084400,1.087250,1.082800,1.083650,1.083650,53652607
2020-04-28,1.083500,1.090050,1.082050,1.084000,1.084000,70017574
2020-04-29,1.085700,1.089500,1.084950,1.088800,1.088800,55623465
2020-04-30,null,null,null,null,null,null
2020-05-01,null,null,null,null,null,null
2020-05-03,1.098150,1.098400,1.096200,1.097050,1.097050,280031
2020-05-04,null,null,null,null,null,null
2020-05-05,1.091250,1.093500,1.083400,1.084700,1.084700,90021846
2020-05-06,null,null,null,null,null,null
2020-05-07,1.080850,1.084850,1.077400,1.084100,1.084100,62684719
2020-05-08,1.085450,1.088350,1.082250,1.084950,1.084950,52883602
2020-05-10,1.083950,1.084450,1.083550,1.084100,1.084100,180393
2020-05-11,null,null,null,null,null,null
2020-05-12,1.081350,1.089300,1.080700,1.085550,1.085550,78858137
2020-05-13,1.085800,1.090350,1.081800,1.082550,1.082550,72612657
2020-05-14,1.081500,1.082650,1.078100,1.081300,1.081300,73124240
2020-05-15,1.081150,1.085750,1.079500,1.082950,1.082950,68877864
2020-05-17,1.082000,1.082900,1.082000,1.082450,1.082450,166630
2020-05-18,1.082950,1.093300,1.080500,1.092100,1.092100,78720240
2020-05-19,1.091400,1.098150,1.091400,1.093150,1.093150,82706028
2020-05-20,1.094550,1.100500,1.094250,1.098500,1.098500,67115788
2020-05-21,1.096500,1.101400,1.094150,1.095400,1.095400,70761595
2020-05-22,1.093900,1.093900,1.089000,1.090800,1.090800,66747645
2020-05-24,1.090750,1.091200,1.090650,1.091150,1.091150,73353
2020-05-26,0.000000,0.000000,0.000000,1.089200,1.089200,0
2020-05-27,0.000000,0.000000,0.000000,1.099800,1.099800,0
2020-05-28,0.000000,0.000000,0.000000,1.099450,1.099450,0
2020-05-29,0.000000,0.000000,0.000000,1.109250,1.109250,0
2020-05-31,1.111900,1.112250,1.111800,1.111850,1.111850,80152
2020-06-01,0.000000,0.000000,0.000000,1.110100,1.110100,0
2020-06-02,0.000000,0.000000,0.000000,1.113550,1.113550,0
2020-06-03,0.000000,0.000000,0.000000,1.117450,1.117450,0
2020-06-04,0.000000,0.000000,0.000000,1.124050,1.124050,0
2020-06-05,0.000000,0.000000,0.000000,1.135200,1.135200,0
2020-06-07,1.129600,1.131950,1.129550,1.131850,1.131850,243801
2020-06-08,0.000000,0.000000,0.000000,1.129550,1.129550,0
2020-06-09,0.000000,0.000000,0.000000,1.130600,1.130600,0
2020-06-10,0.000000,0.000000,0.000000,1.134650,1.134650,0
2020-06-11,0.000000,0.000000,0.000000,1.139400,1.139400,0
2020-06-12,0.000000,0.000000,0.000000,1.130100,1.130100,0
2020-06-14,1.124200,1.128250,1.123200,1.127700,1.127700,376708
2020-06-15,0.000000,0.000000,0.000000,1.123100,1.123100,0
2020-06-16,0.000000,0.000000,0.000000,0.000000,0.000000,0
2020-06-17,0.000000,0.000000,0.000000,1.127950,1.127950,0
2020-06-18,0.000000,0.000000,0.000000,1.123800,1.123800,0
2020-06-19,0.000000,0.000000,0.000000,1.121450,1.121450,0
2020-06-21,1.120200,1.120600,1.118950,1.119800,1.119800,229663
2020-06-22,0.000000,0.000000,0.000000,1.119100,1.119100,0
2020-06-23,0.000000,0.000000,0.000000,1.126550,1.126550,0
2020-06-24,0.000000,0.000000,0.000000,1.131700,1.131700,0
2020-06-25,0.000000,0.000000,0.000000,1.126400,1.126400,0
2020-06-26,0.000000,0.000000,0.000000,1.122000,1.122000,0
2020-06-28,1.124000,1.124550,1.123650,1.124450,1.124450,130878
2020-06-29,0.000000,0.000000,0.000000,1.123100,1.123100,0
2020-06-30,0.000000,0.000000,0.000000,1.123850,1.123850,0
2020-07-01,0.000000,0.000000,0.000000,1.123800,1.123800,0
2020-07-02,0.000000,0.000000,0.000000,1.124800,1.124800,0
2020-07-05,1.126000,1.126550,1.125950,1.126500,1.126500,86809
2020-07-06,0.000000,0.000000,0.000000,1.123000,1.123000,0
2020-07-07,0.000000,0.000000,0.000000,1.131750,1.131750,0
2020-07-08,0.000000,0.000000,0.000000,1.128750,1.128750,0
2020-07-09,0.000000,0.000000,0.000000,1.133700,1.133700,0
2020-07-10,0.000000,0.000000,0.000000,1.129700,1.129700,0
2020-07-12,1.132100,1.133350,1.131850,1.132800,1.132800,271824
2020-07-13,1.132900,1.136100,1.130600,1.136100,1.136100,427
2020-07-14,1.135850,1.142700,1.134350,1.142650,1.142650,99613879
2020-07-15,1.141300,1.146750,1.140650,1.142800,1.142800,106716529
2020-07-16,1.142050,1.143000,1.139250,1.142500,1.142500,15823113
2020-07-17,1.140550,1.145850,1.139200,1.144200,1.144200,77916605
2020-07-19,1.143250,1.145850,1.143250,1.145750,1.145750,436035
2020-07-20,1.143250,1.148150,1.141650,1.147100,1.147100,123818740
2020-07-21,1.146000,1.155600,1.143650,1.155350,1.155350,128370571
2020-07-22,1.155450,1.161600,1.152050,1.157950,1.157950,143458626
2020-07-23,1.159000,1.164000,1.155350,1.160850,1.160850,111526612
2020-07-24,1.162600,1.167100,1.159450,1.167000,1.167000,114999688
2020-07-26,1.165900,1.166800,1.165500,1.166650,1.166650,413817
2020-07-27,1.172300,1.179400,1.169450,1.177950,1.177950,154667422
2020-07-28,1.173650,1.175550,1.171150,1.173050,1.173050,123597000
2020-07-29,1.174050,1.181900,1.173050,1.179750,1.179750,97697830
2020-07-30,1.178800,1.188650,1.174250,1.188100,1.188100,120216824
2020-07-31,1.190200,1.191950,1.177250,1.178600,1.178600,179671000
2020-08-02,1.179000,1.180750,1.178150,1.178800,1.178800,214059
2020-08-03,1.178300,1.179550,1.170650,1.177000,1.177000,123879395
2020-08-04,1.176250,1.180400,1.172900,1.178500,1.178500,594
2020-08-05,1.179850,1.190500,1.179850,1.186400,1.186400,2098
2020-08-06,1.187600,1.191750,1.182500,1.187700,1.187700,2098
2020-08-07,1.186650,1.186650,1.175950,1.178450,1.178450,520
2020-08-09,1.179500,1.179800,1.178150,1.179050,1.179050,247780
2020-08-10,1.178850,1.179700,1.173850,1.174550,1.174550,504
2020-08-11,1.174300,1.180550,1.172400,1.174700,1.174700,423
2020-08-12,1.173200,1.181250,1.171250,1.178550,1.178550,292
2020-08-13,1.180650,1.186300,1.179500,1.179950,1.179950,986
2020-08-14,1.180850,1.184850,1.179800,1.183800,1.183800,169
2020-08-16,1.184950,1.185750,1.184800,1.185650,1.185650,100854
2020-08-17,1.184200,1.187850,1.184200,1.187400,1.187400,128995
2020-08-18,1.187750,1.197300,1.187500,1.194500,1.194500,206561
2020-08-19,1.194050,1.195950,1.183600,1.186200,1.186200,219334
2020-08-20,1.184650,1.187450,1.180750,1.185800,1.185800,203582
2020-08-21,1.186800,1.188800,1.175850,1.179350,1.179350,195602
2020-08-23,1.179950,1.181200,1.179900,1.180700,1.180700,193773
2020-08-24,1.179950,1.185550,1.178950,1.179750,1.179750,140117
2020-08-25,1.179350,1.184850,1.178900,1.183800,1.183800,154929
2020-08-26,1.183900,1.184500,1.177650,1.181950,1.181950,164948
2020-08-27,1.183650,1.190650,1.176550,1.182800,1.182800,336033
2020-08-28,1.182450,1.192350,1.181450,1.189450,1.189450,236265
2020-08-30,1.191400,1.192100,1.190550,1.192050,1.192050,303101
2020-08-31,1.191400,1.196950,1.188750,1.193950,1.193950,200188
2020-09-01,1.194100,1.201500,1.190450,1.191300,1.191300,263767
2020-09-02,1.191800,1.193150,1.182450,1.182800,1.182800,241988
2020-09-03,1.185500,1.186700,1.179050,1.185850,1.185850,219832
2020-09-04,1.185050,1.186750,1.178250,1.185300,1.185300,220600
2020-09-06,null,null,null,null,null,null
2020-09-08,1.184100,1.185050,1.176650,1.178250,1.178250,386505
2020-09-09,1.177350,1.183600,1.175300,1.180900,1.180900,426011
2020-09-10,1.180500,1.191800,1.180100,1.182600,1.182600,488178
2020-09-11,1.182000,1.187400,1.181950,1.183100,1.183100,107143
2020-09-13,null,null,null,null,null,null
2020-09-14,1.184050,1.188750,1.183350,1.188200,1.188200,702
2020-09-15,1.187600,1.190800,1.184900,1.186250,1.186250,872
2020-09-16,1.184700,1.189100,1.180000,1.180700,1.180700,959
2020-09-17,1.181700,1.185950,1.173600,1.184700,1.184700,1195
2020-09-18,1.186150,1.187600,1.183900,1.186000,1.186000,657
2020-09-20,null,null,null,null,null,null
2020-09-21,1.185550,1.187600,1.173900,1.176200,1.176200,786
2020-09-22,1.177650,1.177650,1.170000,1.171200,1.171200,879
2020-09-23,1.171050,1.172500,1.165800,1.166400,1.166400,823
2020-09-24,1.166900,1.168500,1.163550,1.167150,1.167150,448
2020-09-25,1.167800,1.169000,1.161950,1.162750,1.162750,485
2020-09-27,null,null,null,null,null,null
2020-09-28,1.163900,1.168550,1.162650,1.166900,1.166900,448
2020-09-29,1.168000,1.175000,1.167100,1.174200,1.174200,591
2020-09-30,1.174250,1.175450,1.169100,1.172200,1.172200,725
2020-10-01,1.173000,1.176900,1.172150,1.175000,1.175000,412
2020-10-02,1.174650,1.174650,1.170200,1.171650,1.171650,331
2020-10-04,null,null,null,null,null,null
2020-10-05,1.171450,1.180000,1.171450,1.177900,1.177900,1101
2020-10-06,1.179000,1.180950,1.173600,1.175600,1.175600,792
2020-10-07,1.173950,1.178300,1.172800,1.177000,1.177000,460
2020-10-08,1.176650,1.178100,1.173700,1.175950,1.175950,280
2020-10-09,1.177200,1.183050,1.177200,1.182650,1.182650,272
2020-10-11,null,null,null,null,null,null
2020-10-12,1.182100,1.182500,1.179000,1.181100,1.181100,754
2020-10-13,1.180700,1.180700,1.173250,1.174600,1.174600,194
2020-10-14,1.175000,1.176950,1.172100,1.175200,1.175200,216
2020-10-15,1.174650,1.174650,1.168950,1.169750,1.169750,467
2020-10-16,1.170250,1.174500,1.169450,1.171850,1.171850,508
2020-10-18,null,null,null,null,null,null
2020-10-19,1.171500,1.178700,1.170750,1.178250,1.178250,435
2020-10-20,1.178100,1.184700,1.176700,1.183300,1.183300,612
2020-10-21,1.183950,1.188600,1.183900,1.186800,1.186800,894
2020-10-22,1.185800,1.186900,1.182200,1.182400,1.182400,336
2020-10-23,1.181700,1.186850,1.179300,1.186450,1.186450,413
2020-10-25,null,null,null,null,null,null
2020-10-26,1.186600,1.186600,1.181200,1.181900,1.181900,438
2020-10-27,1.181800,1.184150,1.179800,1.181800,1.181800,403
2020-10-28,1.178500,1.178950,1.172300,1.175600,1.175600,600
2020-10-29,1.175950,1.176150,1.165500,1.167500,1.167500,304
2020-10-30,1.167650,1.170700,1.164700,1.164800,1.164800,290
2020-11-01,null,null,null,null,null,null
2020-11-02,1.164650,1.165600,1.162950,1.163500,1.163500,319
2020-11-03,1.164350,1.174350,1.164350,1.170950,1.170950,238
2020-11-04,1.173300,1.176500,1.161000,1.172800,1.172800,560
2020-11-05,1.174100,1.185800,1.171300,1.184100,1.184100,743
2020-11-06,1.182200,1.189300,1.179950,1.188450,1.188450,406
2020-11-08,null,null,null,null,null,null
2020-11-09,1.188700,1.192050,1.179900,1.183350,1.183350,706
2020-11-10,1.182500,1.184450,1.178400,1.181450,1.181450,1457
2020-11-11,1.181900,1.183050,1.174900,1.177500,1.177500,552
2020-11-12,1.177800,1.181850,1.176450,1.180750,1.180750,250
2020-11-13,1.181050,1.183650,1.180800,1.183300,1.183300,414
2020-11-15,null,null,null,null,null,null
2020-11-16,1.184100,1.186850,1.182050,1.183300,1.183300,124456
2020-11-17,1.186250,1.190150,1.184950,1.187150,1.187150,125537
2020-11-18,1.186950,1.189750,1.185600,1.186950,1.186950,113510
2020-11-19,1.185950,1.188850,1.182200,1.188150,1.188150,141175
2020-11-20,1.187900,1.189650,1.185500,1.186350,1.186350,121670
2020-11-22,null,null,null,null,null,null
2020-11-23,1.186500,1.191200,1.180450,1.184750,1.184750,205523
2020-11-24,1.184700,1.190200,1.184350,1.188750,1.188750,148296
2020-11-25,1.189800,1.193500,1.188650,1.192150,1.192150,182930
2020-11-27,1.192100,1.196650,1.188900,1.196050,1.196050,192710